CIN,DIN,DIRECTOR_NAME
U46048072005PTC256788,41227216,Vivek Joshi
U30926332005PTC732053,45503389,Amit Mishra
U20328072017PTC578857,20709497,Manoj Saxena
U99593192013PTC679515,84752529,Manoj Trivedi
U99593192013PTC679515,53524491,Vikram Shah
U45093272017PTC069404,28740864,Priya Mishra
U66155332023PTC941436,31472420,Rohit Joshi
U99353272008PTC927768,45351479,Vivek Tiwari
U99353272008PTC927768,33978249,Vivek Goyal
U79514292022PTC963111,20570592,Sunil Mishra
U26483072022PTC134629,36998038,Rekha Kapoor
U77839272019PTC473418,94705205,Vikram Shah
U27342192022PTC758491,66851760,Kiran Iyer
U17944272008PTC422180,43528453,Anil Iyer
U16630242008PTC683824,32097220,Nisha Sharma
U16630242008PTC683824,62401521,Anita Goyal
U65444082014PTC730430,18181586,Neha Verma
U65444082014PTC730430,16729990,Gaurav Nair
U17455242010PTC532497,87701200,Amit Joshi
U44814272012PTC415012,23419256,Anil Rao
U55745332009PTC923654,97775215,Ajay Sharma
U55745332009PTC923654,99639081,Ravi Jain
U44664072009PTC121036,45431319,Vivek Nair
U93136272007PTC444152,85283645,Rajesh Agarwal
U93136272007PTC444152,20099059,Ashok Rao
U15229332016PTC942591,30743797,Priya Saxena
U44970242012PTC166932,40547349,Manoj Sharma
U46517242015PTC906340,45059710,Mahesh Desai
U46517242015PTC906340,45630292,Amit Agarwal
U67199272015PTC635657,36445607,Shalini Reddy
U67199272015PTC635657,19391725,Pooja Joshi
U76469072014PTC324309,33357554,Naveen Jain
U47606272014PTC220393,32775593,Sunil Jain
U47606272014PTC220393,79182797,Pooja Gupta
U39444192014PTC845743,61536717,Sandeep Kapoor
U65724272008PTC229472,85017682,Neha Tiwari
U65933092021PTC870915,79967676,Sandeep Bhatt
U47450082007PTC245885,65682626,Kiran Malhotra
U37110242006PTC873350,62343121,Kiran Rao
U38906242024PTC511946,72732043,Sanjay Joshi
U83975242023PTC695206,55298556,Nisha Patel
U20735242013PTC493153,43189803,Prakash Yadav
U20735242013PTC493153,12735359,Ashok Shah
U89593292024PTC784257,60372847,Geeta Pandey
U89593292024PTC784257,36619372,Anil Desai
U49529192008PTC891598,55799273,Rajesh Saxena
U66822082008PTC379782,82232344,Arjun Iyer
U66822082008PTC379782,68461818,Gaurav Patel
U46559192007PTC924458,75437844,Vinod Chopra
U88139272013PTC735245,73900135,Sandeep Iyer
U88139272013PTC735245,12314351,Sunil Jain
U97026192014PTC609806,43742830,Manoj Agarwal
U80236272008PTC997068,47983442,Rakesh Yadav
U33519192016PTC316951,11646234,Naveen Jain
U34164082015PTC053873,85543051,Rekha Gupta
U64548072022PTC635771,86320155,Vikram Joshi
U91987072011PTC221276,73070585,Kavita Verma
U19329332019PTC720776,45652586,Ashok Gupta
U45683332017PTC524784,87201917,Gaurav Sharma
U15273332023PTC800178,22246348,Arjun Chopra
U15273332023PTC800178,64807553,Pooja Malhotra
U63955292015PTC727370,64247457,Vivek Yadav
U63955292015PTC727370,10154493,Vijay Iyer
U57419192021PTC652879,75056916,Deepak Sharma
U57419192021PTC652879,94560158,Priya Pandey
U25396072019PTC679173,71308842,Ravi Singh
U27892092021PTC905998,98575748,Sandeep Saxena
U52176242019PTC911844,61167978,Nisha Trivedi
U52176242019PTC911844,97512508,Ashok Nair
U87356292021PTC348122,30718012,Anil Nair
U91691332015PTC726354,82613940,Amit Joshi
U31805072019PTC727713,34166826,Ramesh Kumar
U70443292012PTC668892,88862539,Rekha Bhatt
U70443292012PTC668892,66949781,Anita Iyer
U73335192017PTC111835,11086890,Naveen Saxena
U75107272024PTC873295,98473848,Sanjay Bhatt
U75107272024PTC873295,23041121,Amit Jain
U57823272023PTC767935,81249799,Vivek Goyal
U57823272023PTC767935,46578001,Ramesh Patel
U54396082014PTC843299,59093496,Sunil Chauhan
U54396082014PTC843299,62958901,Rajesh Patel
U98188082016PTC785396,85350823,Neha Goyal
U98188082016PTC785396,91883846,Manoj Bhatt
U74569272014PTC121762,88831486,Ashok Bansal
U90694072020PTC427941,83076970,Meena Verma
U69600192008PTC096127,19208698,Ravi Mehta
U29340192015PTC826953,27690330,Rajesh Chopra
U29340192015PTC826953,41934639,Gaurav Malhotra
U68756072020PTC815810,79987997,Rekha Iyer
U68756072020PTC815810,96347724,Suresh Verma
U99928242018PTC113207,83599154,Neha Kapoor
U69469242014PTC530109,40667888,Kiran Malhotra
U22463242018PTC327731,22960658,Shalini Chauhan
U16743272018PTC301602,84660688,Shalini Agarwal
U66244092012PTC886210,34215035,Sunita Pandey
U10800272016PTC190218,38874646,Nisha Reddy
U10800272016PTC190218,70887307,Pooja Kumar
U88148272023PTC089084,69330166,Kiran Patel
U55242242008PTC450798,17352710,Rajesh Mehta
U55242242008PTC450798,50455821,Vinod Tiwari
U26932242010PTC398677,12515446,Nitin Goyal
U12733072017PTC340545,63118906,Rekha Mishra
U20011272010PTC535281,23798190,Ashok Patel
U95918092009PTC079014,93821894,Neha Saxena
U67640272009PTC071604,17635653,Shalini Yadav
U87867072024PTC531700,30248230,Vikram Iyer
U78690082019PTC548142,54915875,Anil Malhotra
U50662292016PTC687924,27152188,Ajay Gupta
U57425242021PTC019117,23574883,Vivek Tiwari
U96760242006PTC353124,32218290,Ankit Verma
U96760242006PTC353124,65144509,Shalini Trivedi
U47346082024PTC788940,86560394,Ankit Iyer
U79135242021PTC438998,79244185,Deepak Jain
U79135242021PTC438998,21257528,Ramesh Patel
U67340242009PTC096169,20952896,Shalini Shah
U28191332020PTC795703,91722503,Ajay Reddy
U28191332020PTC795703,24923247,Kavita Shah
U65027272012PTC669990,29270557,Kavita Reddy
U57265072021PTC070967,12179995,Meena Chauhan
U15811272009PTC369413,71428713,Amit Jain
U51365192006PTC978711,98010774,Pooja Patel
U51365192006PTC978711,26706752,Shalini Reddy
U54438082017PTC195893,53112268,Rakesh Gupta
U68447332014PTC631895,68376726,Sunita Bhatt
U97973272007PTC668481,26942307,Anil Shah
U60181272016PTC995589,59251188,Geeta Malhotra
U13396192008PTC771412,75927774,Prakash Agarwal
U18511272016PTC576714,36975128,Sanjay Shah
U82616272016PTC600077,80557676,Kiran Tiwari
U82616272016PTC600077,64953237,Naveen Gupta
U82260272009PTC670873,31738837,Neha Goyal
U47230272021PTC887026,32633927,Gaurav Desai
U15958272007PTC994624,48879071,Rekha Nair
U69446242014PTC076518,52857920,Meena Kapoor
U69446242014PTC076518,27551135,Shalini Menon
U71141272012PTC128474,31434525,Neha Goyal
U71141272012PTC128474,87535841,Neha Mehta
U71186082021PTC522988,16783418,Kavita Nair
U80345082014PTC008575,36126192,Shalini Rao
U69028242021PTC801536,29363237,Prakash Joshi
U69028242021PTC801536,78333267,Geeta Menon
U77568292024PTC146571,75746104,Naveen Jain
U53416272016PTC706538,87641510,Naveen Shah
U32349092020PTC549698,35606639,Suresh Iyer
U32349092020PTC549698,52103092,Kiran Singh
U75774192018PTC812618,74205866,Ajay Kapoor
U75774192018PTC812618,52111160,Mahesh Iyer
U56437272022PTC708700,40181142,Rekha Tiwari
U51555192020PTC503111,56323191,Ashok Jain
U51555192020PTC503111,15646068,Kavita Pandey
U83664242013PTC729989,41250794,Vikram Agarwal
U99285082008PTC808207,48307798,Vikram Goyal
U80143092012PTC774569,48851599,Amit Sharma
U80143092012PTC774569,50049524,Naveen Joshi
U35272082013PTC848103,86206305,Prakash Kumar
U35272082013PTC848103,92000924,Geeta Yadav
U62538272007PTC701766,54241559,Rekha Desai
U95679272013PTC377018,51738753,Deepak Bhatt
U95679272013PTC377018,49599276,Shalini Joshi
U30078292020PTC477080,89968863,Sunil Menon
U30078292020PTC477080,69961498,Ajay Pandey
U18094092008PTC869033,88268756,Sandeep Gupta
U69432082006PTC138354,10404729,Vinod Desai
U14159072020PTC301037,60666702,Nisha Gupta
U95660242009PTC902076,50045602,Nitin Trivedi
U95660242009PTC902076,83074216,Rohit Rao
U70375192012PTC362975,12099943,Priya Mehta
U70375192012PTC362975,19031632,Rakesh Joshi
U40715242019PTC565980,53038943,Priya Jain
U40715242019PTC565980,29228089,Ajay Shah
U82970332006PTC994596,61157708,Ajay Malhotra
U49306242009PTC394748,65388634,Kiran Rao
U43422242012PTC213215,91197624,Amit Saxena
U12009272014PTC222097,84098828,Neha Tiwari
U12009272014PTC222097,47991562,Nisha Iyer
U44283272014PTC377115,85500790,Manoj Mishra
U59786272012PTC597468,75846624,Nitin Kumar
U59786272012PTC597468,57268285,Ramesh Singh
U81058082010PTC672986,30270856,Rajesh Mehta
U90980272006PTC668707,46875077,Vijay Jain
U79003192024PTC264680,20820219,Amit Gupta
U72390242022PTC058841,22799248,Ajay Goyal
U72390242022PTC058841,15711200,Manoj Mehta
U45532092020PTC048824,37804291,Gaurav Singh
U49226242007PTC170342,20526386,Vivek Mishra
U49226242007PTC170342,56420476,Vikram Agarwal
U89320072015PTC806361,84227466,Nisha Reddy
U21232092017PTC809677,62294176,Neha Chopra
U66489072010PTC470647,61705758,Rajesh Jain
U66489072010PTC470647,65540647,Nisha Tiwari
U49469292013PTC281445,43096758,Sandeep Joshi
U27758082008PTC319458,89778067,Sanjay Jain
U51180192020PTC186267,62738860,Shalini Agarwal
U81516192023PTC188668,64914054,Sandeep Singh
U96332192013PTC161631,66143368,Vijay Verma
U96332192013PTC161631,58255231,Vijay Joshi
U42536072008PTC689546,67774765,Rakesh Sharma
U42536072008PTC689546,23234748,Anita Shah
U86089242022PTC721069,13296743,Arjun Agarwal
U28569072008PTC365250,19015987,Rekha Verma
U54967072005PTC679446,72015859,Manoj Chauhan
U93948292010PTC689238,47358810,Anil Desai
U79168332020PTC670154,49922369,Gaurav Gupta
U41270272008PTC320215,75319770,Vijay Pandey
U31871292022PTC513427,61532114,Ravi Menon
U64477242020PTC744639,32576626,Nitin Desai
U76952082022PTC118711,67063296,Rakesh Mishra
U14224192014PTC471579,91907952,Rohit Kumar
U17780192011PTC597767,22780905,Sanjay Tiwari
U17780192011PTC597767,65243509,Vikram Patel
U42725292009PTC153348,70665302,Anil Bhatt
U77582072017PTC786225,71532017,Meena Saxena
U54270272014PTC573897,12185246,Deepak Goyal
U54270272014PTC573897,31204188,Ankit Iyer
U95798332007PTC377944,67610401,Sunil Pandey
U95798332007PTC377944,22775337,Rajesh Mehta
U39647292023PTC544677,19506414,Manoj Kapoor
U18966292009PTC556279,39158087,Sunil Bansal
U42477272009PTC290422,98369672,Rekha Mehta
U61347242011PTC309899,11619606,Shalini Goyal
U65163242023PTC383163,18115992,Geeta Menon
U65518242018PTC735902,30854365,Vijay Malhotra
U65518242018PTC735902,62443094,Gaurav Bhatt
U67342072014PTC765417,98322292,Mahesh Agarwal
U43980242021PTC175074,45292504,Naveen Bhatt
U30618292016PTC267509,42823140,Amit Nair
U30618292016PTC267509,58852098,Nisha Goyal
U45554242015PTC866121,63811222,Anil Bansal
U52899332014PTC090582,76217748,Prakash Mishra
U10835192009PTC977690,98221829,Nisha Saxena
U36895332008PTC555551,65439545,Shalini Iyer
U36895332008PTC555551,21395409,Gaurav Agarwal
U87580242007PTC595404,53788744,Neha Iyer
U87580242007PTC595404,46501299,Manoj Gupta
U24283292023PTC162960,72189327,Anita Saxena
U21955272009PTC745703,70693413,Ravi Mishra
U21955272009PTC745703,83835976,Priya Agarwal
U11567292008PTC064665,20064609,Suresh Gupta
U22055082009PTC949044,61369075,Rohit Kumar
U46681292013PTC467677,18184472,Sunil Patel
U94233242011PTC927626,85920407,Vivek Malhotra
U51795292005PTC626122,31424479,Rakesh Shah
U51795292005PTC626122,98162850,Priya Patel
U85457272012PTC887625,13785821,Meena Desai
U85457272012PTC887625,85645982,Ashok Desai
U50508082022PTC184085,37040091,Sanjay Malhotra
U50508082022PTC184085,33818260,Neha Verma
U96787072016PTC414813,85427317,Meena Shah
U50215292017PTC769650,14346338,Mahesh Joshi
U50215292017PTC769650,52710350,Manoj Bhatt
U53406082009PTC781550,43492807,Anil Chopra
U16310072005PTC404685,87585294,Manoj Kumar
U12631272014PTC334199,55358959,Arjun Pandey
U12631272014PTC334199,14159837,Rohit Bhatt
U82628192018PTC757112,75893962,Ashok Verma
U48607242007PTC863919,25503345,Rekha Chauhan
U21945082013PTC673046,46045780,Naveen Verma
U82561092012PTC063947,62989744,Amit Menon
U98805242023PTC650404,68437492,Prakash Yadav
U98805242023PTC650404,94184877,Ashok Yadav
U21406272007PTC406952,66316931,Deepak Reddy
U80206072014PTC922890,92979370,Geeta Verma
U16460272012PTC781976,40595926,Sanjay Jain
U45313082015PTC764202,17543817,Vivek Chauhan
U45313082015PTC764202,31336920,Anil Jain
U78719242009PTC922048,46772637,Shalini Yadav
U78719242009PTC922048,72306347,Vivek Kapoor
U41711072005PTC390560,22132198,Kavita Sharma
U38091292023PTC898747,11194267,Arjun Goyal
U38091292023PTC898747,27758896,Mahesh Joshi
U89736192013PTC844194,79878835,Geeta Desai
U54077082007PTC289914,17620167,Geeta Trivedi
U54077082007PTC289914,52894071,Sanjay Mishra
U84978272023PTC855654,78090647,Rekha Saxena
U33995332022PTC992922,59886371,Anita Desai
U33995332022PTC992922,49466873,Nitin Saxena
U99220242008PTC400210,71414198,Ashok Malhotra
U99220242008PTC400210,34207075,Sunil Nair
U93165292015PTC060832,92474074,Rohit Bhatt
U60242242020PTC004896,43396474,Manoj Pandey
U23462332009PTC402182,68205561,Sanjay Malhotra
U34697082016PTC172893,59203071,Amit Kapoor
U91675332022PTC050948,43921959,Arjun Pandey
U27978092024PTC439171,45298445,Ajay Mehta
U31020242014PTC041320,87061479,Sandeep Singh
U23276242007PTC948730,48999266,Shalini Chauhan
U22451242008PTC892597,22475714,Shalini Yadav
U62461072017PTC478716,31393688,Rakesh Reddy
U98918082023PTC459448,16170301,Anil Patel
U85582272021PTC758932,74683506,Meena Trivedi
U85582272021PTC758932,96087848,Nisha Singh
U17152242024PTC012211,78038903,Manoj Rao
U20332242012PTC481396,64148754,Kiran Verma
U89194272007PTC649138,39919562,Nitin Malhotra
U72014092024PTC751471,83509785,Ajay Chopra
U72014092024PTC751471,24270328,Amit Bansal
U25826192011PTC975403,89028889,Deepak Tiwari
U76086082023PTC141177,33783708,Gaurav Kumar
U76086082023PTC141177,27231111,Rakesh Kapoor
U76074092015PTC924205,65397759,Vivek Jain
U82559242015PTC663312,33865616,Vivek Rao
U82559242015PTC663312,95480242,Neha Pandey
U65363242014PTC847569,48468887,Anita Singh
U65363242014PTC847569,18325904,Kavita Mehta
U69322272016PTC107459,48606206,Vikram Goyal
U69322272016PTC107459,61215153,Nisha Reddy
U17051272022PTC013596,90985229,Prakash Tiwari
U68827192014PTC186045,31599504,Gaurav Saxena
U30290272019PTC041881,19781894,Neha Menon
U18936292021PTC824452,58425464,Kavita Mehta
U72240092021PTC588603,15352233,Neha Kapoor
U43631072017PTC566480,35838575,Neha Menon
U43631072017PTC566480,21052218,Rakesh Kumar
U10960242022PTC657387,68416623,Anil Mishra
U10960242022PTC657387,30636590,Suresh Iyer
U19600272007PTC056905,12267067,Nisha Trivedi
U75907072016PTC111292,30981381,Vijay Shah
U82551272005PTC917260,56150987,Vinod Reddy
U31096242009PTC192931,83665549,Nitin Bhatt
U31096242009PTC192931,83774735,Anil Jain
U35875332008PTC760836,52652506,Sandeep Iyer
U35875332008PTC760836,54069864,Rekha Pandey
U57774092023PTC846935,58249394,Sanjay Trivedi
U68373082019PTC376168,82292089,Prakash Patel
U68373082019PTC376168,94103363,Anil Mishra
U14804092011PTC578389,49057246,Sanjay Iyer
U14804092011PTC578389,77259613,Vivek Gupta
U96858242005PTC250485,29622504,Arjun Chopra
U57349192021PTC406946,45341684,Gaurav Rao
U57880242017PTC616226,77355419,Sanjay Iyer
U88908292016PTC752147,31642106,Kiran Sharma
U87640292023PTC168957,90444404,Naveen Bhatt
U87640292023PTC168957,12499138,Kavita Gupta
U73133092020PTC178853,70863732,Gaurav Gupta
U24230242009PTC017368,90505645,Amit Bansal
U24230242009PTC017368,81327320,Vivek Tiwari
U58546242018PTC917320,87325627,Rakesh Reddy
U58546242018PTC917320,27969486,Anita Nair
U88419072014PTC919357,97851693,Vinod Pandey
U23970242016PTC162298,37339300,Kiran Rao
U58524082010PTC586253,25983420,Manoj Iyer
U58524082010PTC586253,31715773,Rakesh Mehta
U90481272022PTC730918,21830043,Anil Patel
U14948072024PTC759688,98165507,Ajay Jain
U77608092021PTC732378,63611082,Meena Trivedi
U77608092021PTC732378,63035211,Geeta Desai
U21818272007PTC576290,64218119,Naveen Sharma
U23954242021PTC585767,60610858,Naveen Nair
U99337272019PTC483101,40860700,Neha Reddy
U11274242022PTC734862,73962190,Neha Chopra
U11274242022PTC734862,39335449,Naveen Patel
U36170192020PTC246270,26089818,Sunil Trivedi
U36170192020PTC246270,99043272,Sandeep Joshi
U74330092013PTC191756,14370484,Vivek Chopra
U74330092013PTC191756,62843790,Mahesh Iyer
U51373242019PTC722690,45279000,Priya Patel
U57962092015PTC192848,87295013,Manoj Yadav
U11276292020PTC185187,86213459,Vikram Kapoor
U53864072019PTC272388,36703705,Naveen Desai
U53864072019PTC272388,97223468,Vijay Kumar
U52610332016PTC705894,32491607,Pooja Reddy
U19351092017PTC082955,69713250,Shalini Mishra
U31930082018PTC192819,23825676,Rakesh Gupta
U17055082022PTC027646,51523026,Manoj Shah
U17055082022PTC027646,48141360,Ankit Bhatt
U71235272020PTC913204,85696716,Rohit Menon
U71235272020PTC913204,95870691,Vijay Jain
U39770082022PTC843798,28293937,Meena Jain
U39770082022PTC843798,72974683,Vijay Sharma
U49270082020PTC009577,68667423,Geeta Shah
U49270082020PTC009577,31913660,Nisha Yadav
U65343332007PTC655699,35233016,Anil Kumar
U52027082011PTC020338,76247126,Vinod Malhotra
U70776082016PTC730790,43565097,Nisha Yadav
U97294072021PTC218573,43999060,Arjun Bhatt
U97385272006PTC228368,15636254,Gaurav Chauhan
U58679092009PTC808240,18022882,Meena Bhatt
U67503242016PTC768805,49555923,Vijay Pandey
U81253092010PTC364553,82693120,Shalini Iyer
U81253092010PTC364553,10096613,Vivek Kapoor
U57720272024PTC813713,30687181,Kavita Malhotra
U57720272024PTC813713,65003032,Neha Agarwal
U22943082011PTC033363,91329718,Anil Sharma
U20480192020PTC490796,81003974,Amit Mishra
U34832242017PTC202501,87385064,Meena Trivedi
U34832242017PTC202501,71568435,Rohit Bansal
U56179092019PTC946325,60340113,Ravi Goyal
U68654272019PTC416380,39781129,Vinod Saxena
U77013332022PTC583348,41271945,Anita Chauhan
U84588092017PTC962469,22799546,Rekha Verma
U20286092017PTC818018,95078886,Nisha Verma
U20286092017PTC818018,50907334,Ajay Verma
U52838092009PTC526807,67973424,Kavita Chauhan
U20819292015PTC498970,28102047,Arjun Rao
U35703242023PTC588427,65510043,Rohit Chopra
U87840272016PTC687248,60173377,Ashok Tiwari
U17148072008PTC254855,82209870,Vinod Mehta
U73311332022PTC653307,18067834,Kavita Mehta
U16957092013PTC487547,97162488,Nisha Shah
U51347242008PTC508206,81056927,Rekha Malhotra
U55453292005PTC717553,13954845,Ravi Patel
U55453292005PTC717553,40277197,Ashok Malhotra
U60096292007PTC546013,82777382,Sanjay Mehta
U99659092022PTC838971,85812116,Ramesh Malhotra
U51771292005PTC922886,13516265,Sunita Joshi
U40432192024PTC242130,34692904,Nisha Nair
U39658292011PTC033796,68959861,Sandeep Pandey
U39658292011PTC033796,53606752,Nitin Bansal
U89682242006PTC771052,15168989,Ajay Agarwal
U89682242006PTC771052,70614013,Nitin Yadav
U80499192021PTC414829,48374806,Nitin Kumar
U77760092006PTC947573,83337520,Sanjay Kapoor
U77760092006PTC947573,65506990,Neha Iyer
U26193272010PTC095621,31461370,Nisha Rao
U84120292015PTC913630,48759467,Mahesh Agarwal
U84120292015PTC913630,27659164,Prakash Sharma
U70115332005PTC521801,20657547,Rajesh Shah
U92396332024PTC584633,90971604,Rekha Malhotra
U64651272008PTC186907,87707540,Shalini Goyal
U64651272008PTC186907,14810369,Sunil Tiwari
U18869272017PTC795285,38164968,Vinod Joshi
U65974092014PTC638420,76805681,Sandeep Chauhan
U65974092014PTC638420,34146739,Manoj Pandey
U25493192005PTC025152,85217695,Vinod Sharma
U18891332013PTC322723,13908068,Mahesh Mehta
U72193272020PTC835982,17519183,Ajay Jain
U72193272020PTC835982,85825317,Neha Rao
U99848192023PTC347833,62286700,Mahesh Joshi
U58704082012PTC473859,74781956,Vivek Singh
U50679082021PTC813206,80107942,Deepak Sharma
U50679082021PTC813206,51739205,Amit Trivedi
U71194072015PTC932379,53067834,Prakash Mehta
U71194072015PTC932379,48462422,Sunita Rao
U45737082008PTC156575,28999435,Kavita Desai
U90381072014PTC935585,62602177,Mahesh Pandey
U90781092019PTC372900,86207390,Sanjay Gupta
U90781092019PTC372900,72850928,Rakesh Iyer
U40368082020PTC993472,53588695,Nitin Nair
U40368082020PTC993472,14061983,Anil Nair
U23491292021PTC425393,65491233,Priya Joshi
U60307292020PTC069269,33231136,Anil Mishra
U24984092020PTC620929,90048179,Nisha Malhotra
U38522272007PTC856722,52493026,Rekha Desai
U55123332018PTC093625,58216998,Deepak Saxena
U66585272012PTC736334,28665507,Prakash Rao
U30220272018PTC302484,28223512,Sunil Singh
U89223242019PTC975502,10997236,Naveen Nair
U45291192021PTC430795,20745888,Ashok Mishra
U77757332019PTC082035,87796412,Rekha Joshi
U53452082023PTC441468,94463223,Arjun Desai
U20074292021PTC892806,89426041,Ashok Trivedi
U40958292013PTC508474,65424925,Nisha Shah
U85727292011PTC770034,81473736,Manoj Kapoor
U44422242020PTC152201,81308986,Meena Saxena
U45432332015PTC280062,36162482,Ajay Malhotra
U81776292015PTC011092,48023482,Anita Mehta
U89257072007PTC136218,20162184,Nitin Goyal
U43729242015PTC169834,33881291,Ankit Gupta
U43729242015PTC169834,75997780,Prakash Joshi
U28857082008PTC566894,43634472,Ankit Sharma
U14959292005PTC696890,68526669,Geeta Saxena
U39602072022PTC003469,63769608,Vikram Bhatt
U80074072016PTC894795,50113698,Nisha Bansal
U87718192005PTC250070,12203625,Amit Malhotra
U87718192005PTC250070,17523501,Pooja Chauhan
U37745242008PTC846310,29003951,Sandeep Bhatt
U22752272014PTC478345,63956682,Neha Agarwal
U28000092022PTC337212,59650807,Ravi Kumar
U27481092006PTC104824,97477181,Gaurav Bansal
U37021082009PTC150039,94180238,Rekha Chopra
U37021082009PTC150039,66208488,Rajesh Rao
U22541072021PTC648986,73674613,Sandeep Kumar
U90847332015PTC844265,19510600,Priya Mishra
U64927092015PTC208406,39616854,Anil Nair
U28997272018PTC226666,37140286,Pooja Singh
U28997272018PTC226666,14307663,Naveen Verma
U70106072019PTC438540,39050434,Gaurav Nair
U66113332005PTC771940,66072388,Amit Verma
U66113332005PTC771940,73169926,Vivek Verma
U22844242020PTC474420,96924795,Sunil Sharma
U70199332010PTC899597,59716992,Nitin Pandey
U70199332010PTC899597,95013818,Rajesh Saxena
U79588242015PTC034304,55056176,Vikram Menon
U24544272006PTC401558,87862305,Vinod Tiwari
U24544272006PTC401558,40257672,Neha Chopra
U46325242018PTC057106,49227057,Ankit Joshi
U46325242018PTC057106,59411699,Anil Mehta
U20508082007PTC409661,79885511,Suresh Jain
U20508082007PTC409661,65906603,Vijay Goyal
U78107272012PTC675988,83614224,Ankit Iyer
U32509292014PTC827608,31580852,Vijay Jain
U31135292009PTC249462,52539471,Meena Singh
U79945242010PTC316209,54463735,Kavita Nair
U79945242010PTC316209,48899945,Naveen Trivedi
U98867272009PTC577724,88306842,Ajay Shah
U12955332011PTC087650,17522583,Shalini Kapoor
U68402272014PTC916772,66885794,Kiran Singh
U68402272014PTC916772,88809974,Sunil Singh
U53963082021PTC069328,86224438,Sanjay Mehta
U82596242014PTC514417,45255913,Rekha Bhatt
U95696082008PTC698261,58554539,Gaurav Nair
U25674332020PTC391331,57967465,Ramesh Verma
U16385242016PTC303937,82975834,Neha Saxena
U16385242016PTC303937,52441045,Rekha Patel
U80047272008PTC608223,39242850,Ashok Menon
U90403192022PTC723154,27613681,Suresh Nair
U67925272009PTC932946,29107146,Manoj Jain
U96479072006PTC538422,90771151,Vinod Desai
U96479072006PTC538422,36846824,Mahesh Trivedi
U46356072009PTC994881,11876942,Ajay Mehta
U46356072009PTC994881,35709072,Kavita Kumar
U22934242005PTC969128,60951070,Rohit Mehta
U51193242008PTC129621,25532025,Nisha Jain
U39605332019PTC580823,75987927,Rakesh Kapoor
U28791072008PTC413990,64262755,Deepak Shah
U86273082013PTC622488,71020042,Rakesh Agarwal
U92361082012PTC988182,53883276,Ashok Jain
U96649072007PTC788120,12371679,Amit Reddy
U68997072017PTC329840,32031067,Sandeep Reddy
U68997072017PTC329840,28050706,Rekha Pandey
U98476072023PTC514383,76396319,Gaurav Kapoor
U52006272014PTC064408,61079694,Rakesh Reddy
U56041272018PTC059192,55311134,Ramesh Sharma
U96214272019PTC905308,86844836,Rakesh Chauhan
U75107192015PTC527192,20109437,Vijay Mehta
U75107192015PTC527192,48568210,Anita Verma
U39607092017PTC654912,38150713,Meena Chauhan
U62730192018PTC263471,38582041,Nitin Patel
U66849242024PTC980037,50302318,Rohit Reddy
U64059072011PTC279902,42962076,Rekha Iyer
U94793242018PTC949649,75208604,Suresh Verma
U94793242018PTC949649,21264832,Neha Joshi
U57636072018PTC704300,87902618,Ajay Patel
U88619072012PTC128217,24336334,Mahesh Mehta
U43332082018PTC904817,29449696,Shalini Nair
U43332082018PTC904817,59357131,Rekha Sharma
U96798092006PTC837751,26381779,Vijay Saxena
U11031082017PTC953984,96493863,Kiran Chauhan
U11031082017PTC953984,14547522,Sunita Saxena
U44205072010PTC530931,96113089,Mahesh Bhatt
U62515292005PTC209795,27460780,Kiran Chauhan
U62515292005PTC209795,52869025,Ankit Nair
U32738292013PTC720862,86556525,Manoj Sharma
U32738292013PTC720862,13082993,Ravi Bhatt
U70610192007PTC207898,32833506,Naveen Agarwal
U70610192007PTC207898,11894470,Ajay Reddy
U25533082020PTC235389,47979220,Prakash Reddy
U25533082020PTC235389,34208834,Kiran Chauhan
U11352082007PTC491659,22788187,Ravi Verma
U49650092017PTC413870,22032348,Neha Pandey
U25314292013PTC328487,45400991,Ajay Malhotra
U25314292013PTC328487,68488779,Ramesh Malhotra
U82833082009PTC894471,72697508,Rohit Agarwal
U67870082006PTC373839,48133464,Mahesh Yadav
U84814272021PTC189341,62904575,Shalini Desai
U30155072015PTC030278,15885044,Ankit Malhotra
U37704092009PTC905214,33892205,Priya Tiwari
U37292072005PTC170856,51621092,Sanjay Chopra
U37292072005PTC170856,99324622,Rakesh Yadav
U68385192020PTC928423,67179047,Sunil Verma
U94883082012PTC719572,74103912,Rekha Singh
U94883082012PTC719572,27151649,Rekha Yadav
U84519242014PTC050047,44008132,Meena Patel
U24933242005PTC776488,71068817,Ankit Joshi
U37665272010PTC194079,98020116,Arjun Iyer
U49688092020PTC648544,35609022,Deepak Yadav
U92058192018PTC899877,12634395,Ankit Desai
U61345332023PTC053396,49027097,Amit Nair
U90149242023PTC980714,73530347,Deepak Nair
U67177272019PTC021818,90812511,Nitin Singh
U98225242018PTC684197,91302255,Sandeep Agarwal
U40765082014PTC219607,55677542,Meena Tiwari
U24539082019PTC111036,58538289,Ramesh Mishra
U75325082021PTC768137,10884169,Priya Yadav
U75325082021PTC768137,73574016,Pooja Jain
U58815072013PTC749942,65486872,Kiran Bansal
U58815072013PTC749942,71572793,Ajay Chauhan
U29082272019PTC807563,62783304,Amit Trivedi
U17577292023PTC662289,56192019,Rajesh Yadav
U17577292023PTC662289,47551535,Ajay Joshi
U94394242019PTC215099,36480587,Rekha Gupta
U38014272014PTC097329,13743496,Vijay Desai
U41632272014PTC872656,60060376,Anita Bhatt
U56461272018PTC129828,70820382,Pooja Shah
U86230272022PTC593072,50158160,Kavita Trivedi
U85073272022PTC705098,79316990,Gaurav Mehta
U57352272022PTC476379,18347493,Rohit Bansal
U72423272012PTC225218,79651618,Geeta Saxena
U26662192021PTC508313,76951467,Kiran Yadav
U72043192021PTC034192,76951467,Kiran Yadav
U84942192021PTC303658,88423925,Sandeep Mishra
U87283192021PTC442245,76951467,Kiran Yadav
U55698192021PTC070847,88423925,Sandeep Mishra
U59454192021PTC498313,76951467,Kiran Yadav
U21706192021PTC838664,76951467,Kiran Yadav
U68077192021PTC771661,76951467,Kiran Yadav
U83537192021PTC676499,76951467,Kiran Yadav
U12486272022PTC288320,86536905,Arjun Menon
U51999272022PTC421316,86536905,Arjun Menon
U60070272022PTC269671,86536905,Arjun Menon
U43496272022PTC805626,17096679,Ajay Mehta
U52636272022PTC190273,86536905,Arjun Menon
U59219272022PTC987316,17096679,Ajay Mehta
U18579242020PTC507691,61680358,Vikram Malhotra
U42285242020PTC800041,61680358,Vikram Malhotra
U36667242020PTC820911,61680358,Vikram Malhotra
U47912242020PTC684782,61680358,Vikram Malhotra
U37886242020PTC613584,77702274,Deepak Patel
