CIN,COMPANY_NAME,REGISTERED_OFFICE_ADDRESS,CITY,STATE,DATE_OF_REGISTRATION,AUTHORIZED_CAPITAL,PAIDUP_CAPITAL,COMPANY_STATUS
U46048072005PTC256788,Global Chemicals Exports Pvt Ltd,"Plot 53, Road, Delhi, DL",Delhi,DL,2005-12-18,100000,71334,Active
U30926332005PTC732053,Silver Traders Enterprises Pvt Ltd,"Plot 80, MIDC, Chennai, TN",Chennai,TN,2005-06-04,100000,56594,Active
U20328072017PTC578857,Metro Constructions Trading Co Pvt Ltd,"Plot 186, Colony, Delhi, DL",Delhi,DL,2017-04-23,100000,33207,Active
U99593192013PTC679515,Om Electronics Exports Pvt Ltd,"Plot 88, Colony, Kolkata, WB",Kolkata,WB,2013-12-08,500000,311791,Active
U45093272017PTC069404,Universal Electronics Exports Pvt Ltd,"Plot 162, MIDC, Pune, MH",Pune,MH,2017-11-16,2500000,2298195,Active
U66155332023PTC941436,Krishna Agro Enterprises Pvt Ltd,"Plot 113, MIDC, Chennai, TN",Chennai,TN,2023-09-16,100000,82904,Active
U99353272008PTC927768,Sagar Infrastructure Ventures Pvt Ltd,"Plot 329, Sector, Mumbai, MH",Mumbai,MH,2008-02-10,2500000,1026776,Active
U79514292022PTC963111,Shree Electronics Enterprises Pvt Ltd,"Plot 251, Industrial Area, Bengaluru, KA",Bengaluru,KA,2022-02-12,1000000,467616,Active
U26483072022PTC134629,Vardhman Pharma Trading Co Pvt Ltd,"Plot 85, Sector, Delhi, DL",Delhi,DL,2022-09-28,5000000,2980982,Active
U77839272019PTC473418,Jai Logistics Private Limited,"Plot 33, Sector, Pune, MH",Pune,MH,2019-01-19,5000000,2305401,Active
U27342192022PTC758491,Orion Electronics Trading Co Pvt Ltd,"Plot 243, MIDC, Kolkata, WB",Kolkata,WB,2022-08-26,2500000,1083217,Active
U17944272008PTC422180,Aditya Traders Ventures Pvt Ltd,"Plot 56, MIDC, Mumbai, MH",Mumbai,MH,2008-04-07,5000000,3070147,Active
U16630242008PTC683824,Sagar Textiles Pvt Ltd,"Plot 386, MIDC, Surat, GJ",Surat,GJ,2008-03-14,2500000,1592377,Active
U65444082014PTC730430,Aditya Plastics Exports Pvt Ltd,"Plot 368, Estate, Jaipur, RJ",Jaipur,RJ,2014-03-07,1000000,452390,Active
U17455242010PTC532497,Om Chemicals Pvt Ltd,"Plot 305, Industrial Area, Surat, GJ",Surat,GJ,2010-11-28,500000,291321,Dormant
U44814272012PTC415012,Bharat Constructions Exports Pvt Ltd,"Plot 154, Estate, Pune, MH",Pune,MH,2012-06-25,100000,30652,Active
U55745332009PTC923654,Om Logistics Enterprises Pvt Ltd,"Plot 146, MIDC, Chennai, TN",Chennai,TN,2009-08-27,5000000,3962389,Active
U44664072009PTC121036,Everest Steel Exports Pvt Ltd,"Plot 284, MIDC, Delhi, DL",Delhi,DL,2009-05-10,5000000,2237203,Active
U93136272007PTC444152,Continental Infrastructure Pvt Ltd,"Plot 2, Sector, Mumbai, MH",Mumbai,MH,2007-03-21,1000000,413107,Active
U15229332016PTC942591,Elite Logistics Exports Pvt Ltd,"Plot 128, Road, Chennai, TN",Chennai,TN,2016-02-12,5000000,4594471,Active
U44970242012PTC166932,Vishal Foods Pvt Ltd,"Plot 196, Industrial Area, Ahmedabad, GJ",Ahmedabad,GJ,2012-08-08,500000,435805,Active
U46517242015PTC906340,Om Infrastructure Enterprises Pvt Ltd,"Plot 329, Colony, Ahmedabad, GJ",Ahmedabad,GJ,2015-07-22,5000000,2659024,Active
U67199272015PTC635657,Ganga Steel Industries Pvt Ltd,"Plot 296, MIDC, Pune, MH",Pune,MH,2015-05-02,10000000,6052402,Active
U76469072014PTC324309,Vardhman Agro Enterprises Pvt Ltd,"Plot 207, Road, Delhi, DL",Delhi,DL,2014-05-18,500000,217144,Active
U47606272014PTC220393,Silver Electronics Trading Co Pvt Ltd,"Plot 336, Sector, Mumbai, MH",Mumbai,MH,2014-08-15,2500000,1932347,Active
U39444192014PTC845743,Universal Chemicals Pvt Ltd,"Plot 24, MIDC, Kolkata, WB",Kolkata,WB,2014-08-20,100000,61879,Active
U65724272008PTC229472,National Foods Trading Co Pvt Ltd,"Plot 238, Industrial Area, Mumbai, MH",Mumbai,MH,2008-09-08,100000,61952,Active
U65933092021PTC870915,Orion Plastics Industries Pvt Ltd,"Plot 82, Road, Lucknow, UP",Lucknow,UP,2021-08-15,1000000,826243,Active
U47450082007PTC245885,Prime Traders Enterprises Pvt Ltd,"Plot 277, Industrial Area, Jaipur, RJ",Jaipur,RJ,2007-03-05,500000,284062,Active
U37110242006PTC873350,Silver Agro Ventures Pvt Ltd,"Plot 300, Road, Ahmedabad, GJ",Ahmedabad,GJ,2006-01-28,5000000,2831333,Active
U38906242024PTC511946,Global Infrastructure Industries Pvt Ltd,"Plot 249, Industrial Area, Surat, GJ",Surat,GJ,2024-07-11,10000000,7753993,Active
U83975242023PTC695206,Shree Steel Exports Pvt Ltd,"Plot 220, MIDC, Ahmedabad, GJ",Ahmedabad,GJ,2023-08-06,100000,48210,Active
U20735242013PTC493153,Shree Foods Trading Co Pvt Ltd,"Plot 27, Sector, Ahmedabad, GJ",Ahmedabad,GJ,2013-04-21,100000,84686,Active
U89593292024PTC784257,Balaji Steel Ventures Pvt Ltd,"Plot 84, Sector, Bengaluru, KA",Bengaluru,KA,2024-02-19,100000,95022,Active
U49529192008PTC891598,Vardhman Electronics Ventures Pvt Ltd,"Plot 62, Colony, Kolkata, WB",Kolkata,WB,2008-01-12,5000000,2999323,Active
U66822082008PTC379782,Saraswati Pharma Exports Pvt Ltd,"Plot 79, Estate, Jaipur, RJ",Jaipur,RJ,2008-03-24,5000000,4879158,Active
U46559192007PTC924458,Golden Logistics Ventures Pvt Ltd,"Plot 238, Colony, Kolkata, WB",Kolkata,WB,2007-10-22,2500000,1338694,Active
U88139272013PTC735245,Everest Infrastructure Trading Co Pvt Ltd,"Plot 6, Colony, Pune, MH",Pune,MH,2013-04-03,500000,402026,Active
U97026192014PTC609806,Elite Pharma Trading Co Pvt Ltd,"Plot 272, Sector, Kolkata, WB",Kolkata,WB,2014-07-24,5000000,2657769,Active
U80236272008PTC997068,Shakti Foods Private Limited,"Plot 99, MIDC, Pune, MH",Pune,MH,2008-12-16,1000000,807209,Strike Off
U33519192016PTC316951,Bharat Infrastructure Pvt Ltd,"Plot 28, Colony, Kolkata, WB",Kolkata,WB,2016-05-23,500000,373254,Active
U34164082015PTC053873,Prime Pharma Pvt Ltd,"Plot 34, Estate, Jaipur, RJ",Jaipur,RJ,2015-08-03,5000000,3703059,Active
U64548072022PTC635771,Laxmi Electronics Private Limited,"Plot 398, Colony, Delhi, DL",Delhi,DL,2022-07-15,2500000,1270367,Active
U91987072011PTC221276,Prime Constructions Pvt Ltd,"Plot 81, MIDC, Delhi, DL",Delhi,DL,2011-03-18,100000,40957,Active
U19329332019PTC720776,Global Infrastructure Ventures Pvt Ltd,"Plot 321, Colony, Chennai, TN",Chennai,TN,2019-11-26,500000,298798,Active
U45683332017PTC524784,Sagar Pharma Industries Pvt Ltd,"Plot 42, Colony, Chennai, TN",Chennai,TN,2017-01-14,10000000,5256251,Active
U15273332023PTC800178,Shakti Chemicals Industries Pvt Ltd,"Plot 266, Road, Chennai, TN",Chennai,TN,2023-08-09,500000,498930,Active
U63955292015PTC727370,Vishwa Infrastructure Exports Pvt Ltd,"Plot 206, Colony, Bengaluru, KA",Bengaluru,KA,2015-01-15,100000,52016,Active
U57419192021PTC652879,Shakti Pharma Exports Pvt Ltd,"Plot 227, Industrial Area, Kolkata, WB",Kolkata,WB,2021-04-09,5000000,1958546,Active
U25396072019PTC679173,Continental Chemicals Industries Pvt Ltd,"Plot 367, Sector, Delhi, DL",Delhi,DL,2019-09-23,1000000,590843,Active
U27892092021PTC905998,Om Infrastructure Ventures Pvt Ltd,"Plot 213, Sector, Lucknow, UP",Lucknow,UP,2021-09-09,100000,49798,Active
U52176242019PTC911844,Universal Foods Private Limited,"Plot 293, Estate, Ahmedabad, GJ",Ahmedabad,GJ,2019-04-28,2500000,826382,Active
U87356292021PTC348122,Pioneer Steel Ventures Pvt Ltd,"Plot 226, Industrial Area, Bengaluru, KA",Bengaluru,KA,2021-09-15,100000,80571,Active
U91691332015PTC726354,Sunrise Constructions Pvt Ltd,"Plot 169, Road, Chennai, TN",Chennai,TN,2015-09-13,1000000,738759,Active
U31805072019PTC727713,Metro Textiles Pvt Ltd,"Plot 167, Industrial Area, Delhi, DL",Delhi,DL,2019-05-12,1000000,601480,Active
U70443292012PTC668892,Prime Pharma Enterprises Pvt Ltd,"Plot 342, Industrial Area, Bengaluru, KA",Bengaluru,KA,2012-08-10,10000000,6826186,Active
U73335192017PTC111835,Global Agro Trading Co Pvt Ltd,"Plot 184, Colony, Kolkata, WB",Kolkata,WB,2017-05-23,1000000,315357,Active
U75107272024PTC873295,Everest Infrastructure Ventures Pvt Ltd,"Plot 118, Colony, Mumbai, MH",Mumbai,MH,2024-06-08,10000000,4330923,Active
U57823272023PTC767935,Bharat Steel Enterprises Pvt Ltd,"Plot 168, Road, Mumbai, MH",Mumbai,MH,2023-07-06,500000,196255,Active
U54396082014PTC843299,Jai Pharma Pvt Ltd,"Plot 73, MIDC, Jaipur, RJ",Jaipur,RJ,2014-11-24,10000000,9859595,Strike Off
U98188082016PTC785396,Vardhman Infrastructure Trading Co Pvt Ltd,"Plot 196, Road, Jaipur, RJ",Jaipur,RJ,2016-06-04,10000000,4636753,Active
U74569272014PTC121762,Jai Logistics Trading Co Pvt Ltd,"Plot 70, Estate, Mumbai, MH",Mumbai,MH,2014-08-12,10000000,9645665,Active
U90694072020PTC427941,Prime Textiles Exports Pvt Ltd,"Plot 190, MIDC, Delhi, DL",Delhi,DL,2020-08-15,500000,449407,Active
U69600192008PTC096127,Vardhman Logistics Exports Pvt Ltd,"Plot 328, Colony, Kolkata, WB",Kolkata,WB,2008-01-02,1000000,470498,Active
U29340192015PTC826953,Everest Electronics Pvt Ltd,"Plot 142, MIDC, Kolkata, WB",Kolkata,WB,2015-03-18,1000000,858959,Active
U68756072020PTC815810,Elite Plastics Trading Co Pvt Ltd,"Plot 56, Estate, Delhi, DL",Delhi,DL,2020-09-08,5000000,1651777,Active
U99928242018PTC113207,Vishwa Foods Industries Pvt Ltd,"Plot 38, Industrial Area, Ahmedabad, GJ",Ahmedabad,GJ,2018-06-20,500000,172988,Active
U69469242014PTC530109,Laxmi Agro Pvt Ltd,"Plot 360, Industrial Area, Surat, GJ",Surat,GJ,2014-11-21,5000000,4022939,Active
U22463242018PTC327731,Silver Traders Exports Pvt Ltd,"Plot 131, Sector, Ahmedabad, GJ",Ahmedabad,GJ,2018-03-22,2500000,867483,Active
U16743272018PTC301602,Laxmi Infrastructure Enterprises Pvt Ltd,"Plot 54, Colony, Pune, MH",Pune,MH,2018-09-07,500000,379857,Active
U66244092012PTC886210,Sagar Electronics Trading Co Pvt Ltd,"Plot 346, Road, Lucknow, UP",Lucknow,UP,2012-09-01,5000000,4751795,Active
U10800272016PTC190218,Pioneer Chemicals Trading Co Pvt Ltd,"Plot 337, Estate, Pune, MH",Pune,MH,2016-02-05,10000000,7432204,Active
U88148272023PTC089084,Everest Textiles Private Limited,"Plot 81, Colony, Pune, MH",Pune,MH,2023-01-22,100000,49047,Active
U55242242008PTC450798,Jai Infrastructure Exports Pvt Ltd,"Plot 348, Colony, Surat, GJ",Surat,GJ,2008-08-17,10000000,5158935,Active
U26932242010PTC398677,Sagar Foods Private Limited,"Plot 257, Colony, Ahmedabad, GJ",Ahmedabad,GJ,2010-11-26,1000000,350452,Active
U12733072017PTC340545,National Electronics Industries Pvt Ltd,"Plot 354, Sector, Delhi, DL",Delhi,DL,2017-02-14,100000,47032,Active
U20011272010PTC535281,Saraswati Steel Trading Co Pvt Ltd,"Plot 262, MIDC, Pune, MH",Pune,MH,2010-06-12,10000000,9707563,Active
U95918092009PTC079014,National Constructions Industries Pvt Ltd,"Plot 238, Colony, Lucknow, UP",Lucknow,UP,2009-10-15,10000000,9469079,Active
U67640272009PTC071604,Vishwa Pharma Exports Pvt Ltd,"Plot 156, Sector, Pune, MH",Pune,MH,2009-10-02,1000000,655135,Active
U87867072024PTC531700,Sunrise Pharma Trading Co Pvt Ltd,"Plot 284, Road, Delhi, DL",Delhi,DL,2024-01-15,5000000,3781431,Active
U78690082019PTC548142,Laxmi Chemicals Enterprises Pvt Ltd,"Plot 191, Sector, Jaipur, RJ",Jaipur,RJ,2019-07-14,1000000,775228,Active
U50662292016PTC687924,Balaji Constructions Industries Pvt Ltd,"Plot 67, Colony, Bengaluru, KA",Bengaluru,KA,2016-12-03,1000000,691245,Active
U57425242021PTC019117,Elite Infrastructure Private Limited,"Plot 110, Sector, Ahmedabad, GJ",Ahmedabad,GJ,2021-08-07,500000,499991,Active
U96760242006PTC353124,Everest Electronics Private Limited,"Plot 306, Estate, Surat, GJ",Surat,GJ,2006-03-06,500000,440970,Active
U47346082024PTC788940,Aditya Pharma Private Limited,"Plot 274, MIDC, Jaipur, RJ",Jaipur,RJ,2024-05-26,2500000,2331955,Active
U79135242021PTC438998,National Logistics Ventures Pvt Ltd,"Plot 310, MIDC, Ahmedabad, GJ",Ahmedabad,GJ,2021-05-02,10000000,6364134,Active
U67340242009PTC096169,Orion Logistics Ventures Pvt Ltd,"Plot 231, Sector, Surat, GJ",Surat,GJ,2009-01-14,100000,57751,Active
U28191332020PTC795703,Balaji Pharma Industries Pvt Ltd,"Plot 316, Industrial Area, Chennai, TN",Chennai,TN,2020-02-01,1000000,450958,Active
U65027272012PTC669990,Vishal Electronics Industries Pvt Ltd,"Plot 33, Industrial Area, Mumbai, MH",Mumbai,MH,2012-08-20,5000000,1557523,Active
U57265072021PTC070967,Ganga Plastics Trading Co Pvt Ltd,"Plot 260, Colony, Delhi, DL",Delhi,DL,2021-01-13,2500000,826185,Active
U15811272009PTC369413,Sagar Traders Ventures Pvt Ltd,"Plot 330, MIDC, Pune, MH",Pune,MH,2009-11-15,10000000,6349718,Active
U51365192006PTC978711,Metro Plastics Industries Pvt Ltd,"Plot 279, Estate, Kolkata, WB",Kolkata,WB,2006-05-02,10000000,4337724,Active
U54438082017PTC195893,Elite Plastics Enterprises Pvt Ltd,"Plot 43, Road, Jaipur, RJ",Jaipur,RJ,2017-07-03,2500000,1804293,Active
U68447332014PTC631895,Balaji Agro Private Limited,"Plot 354, Estate, Chennai, TN",Chennai,TN,2014-06-15,100000,80877,Dormant
U97973272007PTC668481,Sunrise Traders Trading Co Pvt Ltd,"Plot 384, Road, Mumbai, MH",Mumbai,MH,2007-03-01,500000,447034,Active
U60181272016PTC995589,Krishna Textiles Trading Co Pvt Ltd,"Plot 79, Road, Pune, MH",Pune,MH,2016-08-12,1000000,610757,Active
U13396192008PTC771412,National Pharma Trading Co Pvt Ltd,"Plot 199, Colony, Kolkata, WB",Kolkata,WB,2008-02-09,1000000,792826,Active
U18511272016PTC576714,Sagar Infrastructure Enterprises Pvt Ltd,"Plot 81, Road, Pune, MH",Pune,MH,2016-12-23,10000000,4218637,Active
U82616272016PTC600077,Elite Pharma Ventures Pvt Ltd,"Plot 283, MIDC, Mumbai, MH",Mumbai,MH,2016-10-03,100000,51650,Strike Off
U82260272009PTC670873,Krishna Chemicals Ventures Pvt Ltd,"Plot 67, Estate, Pune, MH",Pune,MH,2009-09-28,100000,88197,Active
U47230272021PTC887026,Om Infrastructure Private Limited,"Plot 326, Colony, Pune, MH",Pune,MH,2021-05-05,10000000,5119772,Active
U15958272007PTC994624,Saraswati Electronics Enterprises Pvt Ltd,"Plot 334, MIDC, Mumbai, MH",Mumbai,MH,2007-10-14,5000000,3736469,Active
U69446242014PTC076518,Balaji Textiles Private Limited,"Plot 226, Estate, Ahmedabad, GJ",Ahmedabad,GJ,2014-08-15,500000,269067,Active
U71141272012PTC128474,Prime Pharma Private Limited,"Plot 73, Industrial Area, Pune, MH",Pune,MH,2012-01-10,2500000,2262286,Active
U71186082021PTC522988,Everest Infrastructure Industries Pvt Ltd,"Plot 12, Industrial Area, Jaipur, RJ",Jaipur,RJ,2021-07-17,2500000,2441701,Active
U80345082014PTC008575,Pioneer Steel Industries Pvt Ltd,"Plot 69, Sector, Jaipur, RJ",Jaipur,RJ,2014-12-12,2500000,1390390,Active
U69028242021PTC801536,Laxmi Constructions Trading Co Pvt Ltd,"Plot 61, MIDC, Ahmedabad, GJ",Ahmedabad,GJ,2021-02-13,1000000,856428,Active
U77568292024PTC146571,Royal Electronics Enterprises Pvt Ltd,"Plot 84, Estate, Bengaluru, KA",Bengaluru,KA,2024-10-24,1000000,715607,Active
U53416272016PTC706538,Jai Agro Trading Co Pvt Ltd,"Plot 158, Road, Mumbai, MH",Mumbai,MH,2016-12-21,100000,71783,Active
U32349092020PTC549698,Saraswati Foods Trading Co Pvt Ltd,"Plot 397, Estate, Lucknow, UP",Lucknow,UP,2020-03-27,10000000,4695375,Active
U75774192018PTC812618,Laxmi Pharma Ventures Pvt Ltd,"Plot 377, Road, Kolkata, WB",Kolkata,WB,2018-01-23,500000,331539,Active
U56437272022PTC708700,Shakti Foods Exports Pvt Ltd,"Plot 330, Road, Pune, MH",Pune,MH,2022-05-20,2500000,1086462,Active
U51555192020PTC503111,Elite Plastics Ventures Pvt Ltd,"Plot 370, Sector, Kolkata, WB",Kolkata,WB,2020-05-04,5000000,3868177,Active
U83664242013PTC729989,Prime Chemicals Pvt Ltd,"Plot 316, Road, Surat, GJ",Surat,GJ,2013-10-08,500000,167767,Dormant
U99285082008PTC808207,Bharat Textiles Trading Co Pvt Ltd,"Plot 81, Estate, Jaipur, RJ",Jaipur,RJ,2008-11-16,2500000,1888442,Active
U80143092012PTC774569,Aditya Textiles Private Limited,"Plot 214, MIDC, Lucknow, UP",Lucknow,UP,2012-01-27,2500000,2128931,Active
U35272082013PTC848103,Jai Traders Private Limited,"Plot 375, Estate, Jaipur, RJ",Jaipur,RJ,2013-11-09,10000000,4303393,Active
U62538272007PTC701766,Jai Chemicals Private Limited,"Plot 245, Sector, Pune, MH",Pune,MH,2007-04-01,1000000,568502,Active
U95679272013PTC377018,Balaji Logistics Pvt Ltd,"Plot 342, Industrial Area, Mumbai, MH",Mumbai,MH,2013-08-10,500000,291895,Active
U30078292020PTC477080,Aditya Electronics Enterprises Pvt Ltd,"Plot 213, Road, Bengaluru, KA",Bengaluru,KA,2020-09-16,5000000,4306982,Active
U18094092008PTC869033,Sagar Plastics Private Limited,"Plot 294, Colony, Lucknow, UP",Lucknow,UP,2008-03-06,1000000,898140,Active
U69432082006PTC138354,Ganga Agro Industries Pvt Ltd,"Plot 289, Industrial Area, Jaipur, RJ",Jaipur,RJ,2006-09-15,10000000,8648407,Active
U14159072020PTC301037,Silver Chemicals Ventures Pvt Ltd,"Plot 70, Road, Delhi, DL",Delhi,DL,2020-12-21,2500000,1405306,Active
U95660242009PTC902076,Elite Steel Private Limited,"Plot 276, Estate, Surat, GJ",Surat,GJ,2009-09-05,10000000,9851070,Active
U70375192012PTC362975,Bharat Infrastructure Private Limited,"Plot 372, Industrial Area, Kolkata, WB",Kolkata,WB,2012-01-26,10000000,5934684,Active
U40715242019PTC565980,Universal Textiles Private Limited,"Plot 258, Sector, Ahmedabad, GJ",Ahmedabad,GJ,2019-04-27,10000000,7032772,Active
U82970332006PTC994596,Krishna Foods Private Limited,"Plot 321, Road, Chennai, TN",Chennai,TN,2006-07-18,2500000,832047,Active
U49306242009PTC394748,National Plastics Industries Pvt Ltd,"Plot 124, MIDC, Ahmedabad, GJ",Ahmedabad,GJ,2009-05-28,10000000,4010462,Active
U43422242012PTC213215,Royal Constructions Pvt Ltd,"Plot 231, Sector, Ahmedabad, GJ",Ahmedabad,GJ,2012-02-18,10000000,8805843,Active
U12009272014PTC222097,Orion Logistics Exports Pvt Ltd,"Plot 61, Road, Pune, MH",Pune,MH,2014-08-08,10000000,7230810,Active
U44283272014PTC377115,Ganga Pharma Industries Pvt Ltd,"Plot 51, Road, Pune, MH",Pune,MH,2014-08-25,1000000,940031,Active
U59786272012PTC597468,Continental Logistics Industries Pvt Ltd,"Plot 282, Road, Pune, MH",Pune,MH,2012-11-11,1000000,834352,Active
U81058082010PTC672986,Shri Plastics Pvt Ltd,"Plot 39, Road, Jaipur, RJ",Jaipur,RJ,2010-01-25,100000,58867,Active
U90980272006PTC668707,Vardhman Electronics Industries Pvt Ltd,"Plot 338, Estate, Pune, MH",Pune,MH,2006-01-01,5000000,3430752,Active
U79003192024PTC264680,Continental Traders Enterprises Pvt Ltd,"Plot 204, Industrial Area, Kolkata, WB",Kolkata,WB,2024-06-13,2500000,1738753,Strike Off
U72390242022PTC058841,Saraswati Textiles Exports Pvt Ltd,"Plot 88, Industrial Area, Ahmedabad, GJ",Ahmedabad,GJ,2022-08-28,2500000,1878587,Active
U45532092020PTC048824,Orion Steel Exports Pvt Ltd,"Plot 144, Colony, Lucknow, UP",Lucknow,UP,2020-10-22,100000,42554,Active
U49226242007PTC170342,Krishna Logistics Trading Co Pvt Ltd,"Plot 200, Road, Ahmedabad, GJ",Ahmedabad,GJ,2007-09-11,2500000,2072316,Active
U89320072015PTC806361,Laxmi Electronics Industries Pvt Ltd,"Plot 397, Sector, Delhi, DL",Delhi,DL,2015-01-21,1000000,848483,Active
U21232092017PTC809677,Laxmi Infrastructure Ventures Pvt Ltd,"Plot 127, Road, Lucknow, UP",Lucknow,UP,2017-02-03,1000000,407954,Active
U66489072010PTC470647,Sagar Plastics Trading Co Pvt Ltd,"Plot 209, Industrial Area, Delhi, DL",Delhi,DL,2010-01-03,1000000,687953,Active
U49469292013PTC281445,Vishwa Chemicals Pvt Ltd,"Plot 86, Estate, Bengaluru, KA",Bengaluru,KA,2013-05-14,1000000,638961,Active
U27758082008PTC319458,Shree Agro Enterprises Pvt Ltd,"Plot 318, Estate, Jaipur, RJ",Jaipur,RJ,2008-06-15,1000000,601431,Active
U51180192020PTC186267,Sunrise Traders Enterprises Pvt Ltd,"Plot 377, Road, Kolkata, WB",Kolkata,WB,2020-11-16,5000000,4236910,Active
U81516192023PTC188668,Vardhman Plastics Pvt Ltd,"Plot 373, Estate, Kolkata, WB",Kolkata,WB,2023-12-07,2500000,2145949,Active
U96332192013PTC161631,Balaji Agro Ventures Pvt Ltd,"Plot 194, Industrial Area, Kolkata, WB",Kolkata,WB,2013-08-20,2500000,1768927,Active
U42536072008PTC689546,Vardhman Traders Private Limited,"Plot 332, Colony, Delhi, DL",Delhi,DL,2008-01-19,10000000,7742303,Active
U86089242022PTC721069,Krishna Logistics Industries Pvt Ltd,"Plot 192, Estate, Surat, GJ",Surat,GJ,2022-08-25,10000000,7120129,Active
U28569072008PTC365250,Metro Traders Industries Pvt Ltd,"Plot 106, Colony, Delhi, DL",Delhi,DL,2008-08-12,2500000,920840,Active
U54967072005PTC679446,Jai Constructions Ventures Pvt Ltd,"Plot 85, Road, Delhi, DL",Delhi,DL,2005-04-17,500000,343168,Active
U93948292010PTC689238,Silver Agro Pvt Ltd,"Plot 378, Colony, Bengaluru, KA",Bengaluru,KA,2010-04-15,5000000,3003434,Active
U79168332020PTC670154,Royal Electronics Industries Pvt Ltd,"Plot 313, Estate, Chennai, TN",Chennai,TN,2020-10-04,1000000,546389,Active
U41270272008PTC320215,Jai Chemicals Enterprises Pvt Ltd,"Plot 356, MIDC, Pune, MH",Pune,MH,2008-09-13,2500000,1793745,Active
U31871292022PTC513427,Metro Chemicals Private Limited,"Plot 162, Estate, Bengaluru, KA",Bengaluru,KA,2022-10-02,1000000,966289,Active
U64477242020PTC744639,Continental Pharma Industries Pvt Ltd,"Plot 86, Industrial Area, Ahmedabad, GJ",Ahmedabad,GJ,2020-10-01,500000,252231,Active
U76952082022PTC118711,Krishna Steel Enterprises Pvt Ltd,"Plot 397, Colony, Jaipur, RJ",Jaipur,RJ,2022-06-18,100000,83200,Active
U14224192014PTC471579,Prime Traders Ventures Pvt Ltd,"Plot 45, Estate, Kolkata, WB",Kolkata,WB,2014-02-25,500000,223457,Active
U17780192011PTC597767,Laxmi Plastics Private Limited,"Plot 166, Road, Kolkata, WB",Kolkata,WB,2011-05-10,5000000,2435700,Active
U42725292009PTC153348,Balaji Traders Ventures Pvt Ltd,"Plot 127, Road, Bengaluru, KA",Bengaluru,KA,2009-07-16,500000,352098,Active
U77582072017PTC786225,Prime Foods Enterprises Pvt Ltd,"Plot 233, Estate, Delhi, DL",Delhi,DL,2017-06-19,100000,90823,Active
U54270272014PTC573897,Krishna Chemicals Trading Co Pvt Ltd,"Plot 249, Sector, Pune, MH",Pune,MH,2014-11-25,100000,33216,Active
U95798332007PTC377944,Prime Steel Enterprises Pvt Ltd,"Plot 341, Road, Chennai, TN",Chennai,TN,2007-03-02,2500000,1844807,Active
U39647292023PTC544677,Vardhman Pharma Pvt Ltd,"Plot 5, Road, Bengaluru, KA",Bengaluru,KA,2023-06-27,100000,99170,Active
U18966292009PTC556279,Saraswati Chemicals Industries Pvt Ltd,"Plot 180, Road, Bengaluru, KA",Bengaluru,KA,2009-04-21,10000000,4059618,Active
U42477272009PTC290422,Saraswati Steel Private Limited,"Plot 284, Colony, Pune, MH",Pune,MH,2009-10-24,5000000,2497222,Dormant
U61347242011PTC309899,Saraswati Textiles Ventures Pvt Ltd,"Plot 123, Estate, Surat, GJ",Surat,GJ,2011-07-04,500000,324853,Active
U65163242023PTC383163,Sagar Constructions Private Limited,"Plot 391, Estate, Ahmedabad, GJ",Ahmedabad,GJ,2023-02-01,5000000,1736363,Active
U65518242018PTC735902,Sunrise Steel Exports Pvt Ltd,"Plot 275, Colony, Surat, GJ",Surat,GJ,2018-10-05,1000000,358517,Active
U67342072014PTC765417,Pioneer Logistics Pvt Ltd,"Plot 126, Industrial Area, Delhi, DL",Delhi,DL,2014-07-04,2500000,1821519,Active
U43980242021PTC175074,Elite Chemicals Exports Pvt Ltd,"Plot 400, Sector, Surat, GJ",Surat,GJ,2021-12-04,100000,53450,Active
U30618292016PTC267509,Shakti Steel Trading Co Pvt Ltd,"Plot 346, Road, Bengaluru, KA",Bengaluru,KA,2016-02-08,10000000,6561774,Active
U45554242015PTC866121,Om Electronics Enterprises Pvt Ltd,"Plot 62, Colony, Ahmedabad, GJ",Ahmedabad,GJ,2015-11-02,500000,228114,Active
U52899332014PTC090582,Sagar Pharma Pvt Ltd,"Plot 189, MIDC, Chennai, TN",Chennai,TN,2014-05-19,1000000,817703,Active
U10835192009PTC977690,Silver Textiles Private Limited,"Plot 278, Sector, Kolkata, WB",Kolkata,WB,2009-11-27,10000000,9140390,Strike Off
U36895332008PTC555551,Global Agro Industries Pvt Ltd,"Plot 31, MIDC, Chennai, TN",Chennai,TN,2008-12-09,100000,33073,Active
U87580242007PTC595404,Shri Agro Exports Pvt Ltd,"Plot 67, MIDC, Ahmedabad, GJ",Ahmedabad,GJ,2007-05-09,1000000,948229,Active
U24283292023PTC162960,Jai Chemicals Industries Pvt Ltd,"Plot 239, Sector, Bengaluru, KA",Bengaluru,KA,2023-07-04,5000000,2754006,Active
U21955272009PTC745703,Global Traders Industries Pvt Ltd,"Plot 263, Industrial Area, Pune, MH",Pune,MH,2009-11-10,1000000,874062,Active
U11567292008PTC064665,Continental Logistics Private Limited,"Plot 102, Estate, Bengaluru, KA",Bengaluru,KA,2008-06-22,10000000,9563024,Active
U22055082009PTC949044,Pioneer Traders Pvt Ltd,"Plot 22, Estate, Jaipur, RJ",Jaipur,RJ,2009-01-06,5000000,3016047,Active
U46681292013PTC467677,Everest Chemicals Pvt Ltd,"Plot 315, Colony, Bengaluru, KA",Bengaluru,KA,2013-10-08,10000000,5065736,Active
U94233242011PTC927626,Vishal Plastics Private Limited,"Plot 323, Colony, Ahmedabad, GJ",Ahmedabad,GJ,2011-01-13,10000000,5513784,Active
U51795292005PTC626122,Global Textiles Ventures Pvt Ltd,"Plot 399, Sector, Bengaluru, KA",Bengaluru,KA,2005-01-26,2500000,1676506,Active
U85457272012PTC887625,Vishal Agro Enterprises Pvt Ltd,"Plot 89, MIDC, Mumbai, MH",Mumbai,MH,2012-04-19,1000000,864347,Active
U50508082022PTC184085,Vishwa Textiles Pvt Ltd,"Plot 29, MIDC, Jaipur, RJ",Jaipur,RJ,2022-10-08,100000,66851,Active
U96787072016PTC414813,Metro Traders Private Limited,"Plot 81, Road, Delhi, DL",Delhi,DL,2016-07-26,10000000,9724634,Active
U50215292017PTC769650,Balaji Infrastructure Private Limited,"Plot 91, Road, Bengaluru, KA",Bengaluru,KA,2017-01-23,5000000,2870604,Strike Off
U53406082009PTC781550,Royal Chemicals Exports Pvt Ltd,"Plot 46, Road, Jaipur, RJ",Jaipur,RJ,2009-11-21,10000000,9206574,Active
U16310072005PTC404685,Golden Foods Industries Pvt Ltd,"Plot 86, Estate, Delhi, DL",Delhi,DL,2005-08-13,1000000,682216,Active
U12631272014PTC334199,Prime Steel Pvt Ltd,"Plot 176, MIDC, Mumbai, MH",Mumbai,MH,2014-07-06,10000000,3525016,Dormant
U82628192018PTC757112,Orion Foods Trading Co Pvt Ltd,"Plot 136, Road, Kolkata, WB",Kolkata,WB,2018-05-10,500000,183570,Active
U48607242007PTC863919,Vardhman Constructions Trading Co Pvt Ltd,"Plot 246, MIDC, Ahmedabad, GJ",Ahmedabad,GJ,2007-02-01,500000,209791,Active
U21945082013PTC673046,Sagar Agro Private Limited,"Plot 190, Estate, Jaipur, RJ",Jaipur,RJ,2013-06-06,2500000,828079,Active
U82561092012PTC063947,Continental Agro Ventures Pvt Ltd,"Plot 268, Estate, Lucknow, UP",Lucknow,UP,2012-09-22,2500000,1752250,Active
U98805242023PTC650404,Bharat Steel Ventures Pvt Ltd,"Plot 230, MIDC, Surat, GJ",Surat,GJ,2023-03-07,500000,194165,Active
U21406272007PTC406952,Sagar Agro Trading Co Pvt Ltd,"Plot 167, Sector, Pune, MH",Pune,MH,2007-09-15,100000,85058,Active
U80206072014PTC922890,Elite Agro Enterprises Pvt Ltd,"Plot 197, Road, Delhi, DL",Delhi,DL,2014-08-19,5000000,3155663,Active
U16460272012PTC781976,Vishwa Infrastructure Enterprises Pvt Ltd,"Plot 11, Sector, Pune, MH",Pune,MH,2012-05-10,1000000,889992,Active
U45313082015PTC764202,Silver Electronics Exports Pvt Ltd,"Plot 46, MIDC, Jaipur, RJ",Jaipur,RJ,2015-08-07,2500000,2046653,Active
U78719242009PTC922048,Krishna Textiles Private Limited,"Plot 99, MIDC, Ahmedabad, GJ",Ahmedabad,GJ,2009-01-08,100000,61951,Dormant
U41711072005PTC390560,Vishwa Electronics Industries Pvt Ltd,"Plot 91, Estate, Delhi, DL",Delhi,DL,2005-10-18,1000000,540974,Active
U38091292023PTC898747,Global Constructions Private Limited,"Plot 347, MIDC, Bengaluru, KA",Bengaluru,KA,2023-05-21,2500000,1648242,Active
U89736192013PTC844194,Metro Foods Exports Pvt Ltd,"Plot 330, Sector, Kolkata, WB",Kolkata,WB,2013-07-13,1000000,621298,Active
U54077082007PTC289914,Saraswati Traders Ventures Pvt Ltd,"Plot 142, Sector, Jaipur, RJ",Jaipur,RJ,2007-11-23,10000000,5091537,Active
U84978272023PTC855654,Universal Traders Exports Pvt Ltd,"Plot 366, MIDC, Mumbai, MH",Mumbai,MH,2023-11-18,10000000,8494279,Dormant
U33995332022PTC992922,Vardhman Traders Exports Pvt Ltd,"Plot 46, MIDC, Chennai, TN",Chennai,TN,2022-06-08,10000000,9100025,Active
U99220242008PTC400210,Ganga Infrastructure Industries Pvt Ltd,"Plot 28, MIDC, Surat, GJ",Surat,GJ,2008-03-07,1000000,586434,Active
U93165292015PTC060832,Shree Pharma Enterprises Pvt Ltd,"Plot 108, MIDC, Bengaluru, KA",Bengaluru,KA,2015-10-25,500000,321351,Active
U60242242020PTC004896,Shri Plastics Private Limited,"Plot 375, Sector, Ahmedabad, GJ",Ahmedabad,GJ,2020-01-11,5000000,2167018,Active
U23462332009PTC402182,Ganga Electronics Enterprises Pvt Ltd,"Plot 86, Industrial Area, Chennai, TN",Chennai,TN,2009-01-10,1000000,619148,Active
U34697082016PTC172893,Orion Agro Pvt Ltd,"Plot 117, MIDC, Jaipur, RJ",Jaipur,RJ,2016-12-05,500000,406926,Active
U91675332022PTC050948,Laxmi Textiles Exports Pvt Ltd,"Plot 56, Road, Chennai, TN",Chennai,TN,2022-01-02,10000000,3810528,Active
U27978092024PTC439171,Continental Steel Trading Co Pvt Ltd,"Plot 369, Colony, Lucknow, UP",Lucknow,UP,2024-02-10,100000,84933,Active
U31020242014PTC041320,Sagar Pharma Private Limited,"Plot 353, Estate, Ahmedabad, GJ",Ahmedabad,GJ,2014-06-08,100000,30892,Active
U23276242007PTC948730,Prime Constructions Private Limited,"Plot 234, Sector, Surat, GJ",Surat,GJ,2007-05-15,100000,36986,Active
U22451242008PTC892597,Shakti Textiles Pvt Ltd,"Plot 71, Road, Ahmedabad, GJ",Ahmedabad,GJ,2008-11-06,1000000,550269,Active
U62461072017PTC478716,Prime Agro Exports Pvt Ltd,"Plot 245, Estate, Delhi, DL",Delhi,DL,2017-11-26,500000,189569,Active
U98918082023PTC459448,Shakti Traders Trading Co Pvt Ltd,"Plot 15, Road, Jaipur, RJ",Jaipur,RJ,2023-12-05,2500000,2360696,Active
U85582272021PTC758932,Krishna Logistics Exports Pvt Ltd,"Plot 174, Colony, Mumbai, MH",Mumbai,MH,2021-09-23,10000000,7327673,Active
U17152242024PTC012211,Saraswati Chemicals Trading Co Pvt Ltd,"Plot 241, Estate, Surat, GJ",Surat,GJ,2024-03-03,2500000,1311109,Active
U20332242012PTC481396,Golden Electronics Industries Pvt Ltd,"Plot 46, Estate, Ahmedabad, GJ",Ahmedabad,GJ,2012-08-11,100000,98646,Active
U89194272007PTC649138,Saraswati Infrastructure Trading Co Pvt Ltd,"Plot 288, MIDC, Mumbai, MH",Mumbai,MH,2007-11-22,2500000,2413121,Active
U72014092024PTC751471,Golden Steel Pvt Ltd,"Plot 389, Road, Lucknow, UP",Lucknow,UP,2024-04-01,1000000,548597,Active
U25826192011PTC975403,Pioneer Agro Private Limited,"Plot 235, MIDC, Kolkata, WB",Kolkata,WB,2011-12-11,100000,83000,Active
U76086082023PTC141177,Vishwa Textiles Trading Co Pvt Ltd,"Plot 377, Industrial Area, Jaipur, RJ",Jaipur,RJ,2023-09-14,5000000,3190261,Active
U76074092015PTC924205,Sunrise Agro Trading Co Pvt Ltd,"Plot 355, MIDC, Lucknow, UP",Lucknow,UP,2015-05-13,1000000,979344,Active
U82559242015PTC663312,Universal Logistics Private Limited,"Plot 320, Road, Surat, GJ",Surat,GJ,2015-05-22,1000000,944834,Active
U65363242014PTC847569,Shree Plastics Pvt Ltd,"Plot 13, Estate, Surat, GJ",Surat,GJ,2014-03-02,10000000,3396233,Active
U69322272016PTC107459,Laxmi Constructions Exports Pvt Ltd,"Plot 288, MIDC, Mumbai, MH",Mumbai,MH,2016-12-21,5000000,2861103,Active
U17051272022PTC013596,Aditya Infrastructure Private Limited,"Plot 318, Estate, Pune, MH",Pune,MH,2022-04-21,10000000,7966818,Active
U68827192014PTC186045,Vardhman Steel Private Limited,"Plot 89, Road, Kolkata, WB",Kolkata,WB,2014-09-04,2500000,821109,Active
U30290272019PTC041881,Bharat Traders Trading Co Pvt Ltd,"Plot 27, Road, Pune, MH",Pune,MH,2019-10-27,10000000,5108083,Active
U18936292021PTC824452,Ganga Chemicals Industries Pvt Ltd,"Plot 279, Colony, Bengaluru, KA",Bengaluru,KA,2021-07-03,1000000,454838,Active
U72240092021PTC588603,Continental Constructions Pvt Ltd,"Plot 59, Road, Lucknow, UP",Lucknow,UP,2021-06-15,500000,466573,Active
U43631072017PTC566480,Aditya Infrastructure Pvt Ltd,"Plot 265, Sector, Delhi, DL",Delhi,DL,2017-09-26,5000000,3059449,Active
U10960242022PTC657387,Om Logistics Exports Pvt Ltd,"Plot 323, MIDC, Surat, GJ",Surat,GJ,2022-11-14,100000,44390,Active
U19600272007PTC056905,National Infrastructure Trading Co Pvt Ltd,"Plot 37, Colony, Mumbai, MH",Mumbai,MH,2007-04-09,2500000,1429057,Active
U75907072016PTC111292,Metro Constructions Enterprises Pvt Ltd,"Plot 311, Industrial Area, Delhi, DL",Delhi,DL,2016-05-25,2500000,1417473,Active
U82551272005PTC917260,Sagar Chemicals Pvt Ltd,"Plot 22, Industrial Area, Pune, MH",Pune,MH,2005-10-20,2500000,1690016,Dormant
U31096242009PTC192931,Global Electronics Ventures Pvt Ltd,"Plot 130, MIDC, Surat, GJ",Surat,GJ,2009-02-06,10000000,8597620,Active
U35875332008PTC760836,Krishna Pharma Enterprises Pvt Ltd,"Plot 183, MIDC, Chennai, TN",Chennai,TN,2008-11-21,500000,185015,Active
U57774092023PTC846935,Royal Agro Private Limited,"Plot 3, Sector, Lucknow, UP",Lucknow,UP,2023-04-26,500000,399269,Active
U68373082019PTC376168,Shakti Infrastructure Industries Pvt Ltd,"Plot 283, Industrial Area, Jaipur, RJ",Jaipur,RJ,2019-03-21,5000000,1786907,Active
U14804092011PTC578389,Prime Plastics Trading Co Pvt Ltd,"Plot 242, Road, Lucknow, UP",Lucknow,UP,2011-03-12,2500000,1140786,Active
U96858242005PTC250485,Pioneer Electronics Exports Pvt Ltd,"Plot 85, Colony, Surat, GJ",Surat,GJ,2005-03-15,500000,212700,Dormant
U57349192021PTC406946,Vishwa Pharma Pvt Ltd,"Plot 21, Road, Kolkata, WB",Kolkata,WB,2021-06-04,10000000,9779089,Active
U57880242017PTC616226,Prime Agro Private Limited,"Plot 265, Estate, Ahmedabad, GJ",Ahmedabad,GJ,2017-06-27,1000000,640803,Active
U88908292016PTC752147,Continental Steel Exports Pvt Ltd,"Plot 118, Estate, Bengaluru, KA",Bengaluru,KA,2016-06-24,100000,63706,Active
U87640292023PTC168957,Bharat Constructions Trading Co Pvt Ltd,"Plot 21, Colony, Bengaluru, KA",Bengaluru,KA,2023-03-02,500000,240390,Active
U73133092020PTC178853,Bharat Electronics Ventures Pvt Ltd,"Plot 393, MIDC, Lucknow, UP",Lucknow,UP,2020-10-22,5000000,2425822,Active
U24230242009PTC017368,Universal Plastics Ventures Pvt Ltd,"Plot 259, Road, Ahmedabad, GJ",Ahmedabad,GJ,2009-07-27,500000,361928,Active
U58546242018PTC917320,Shri Foods Trading Co Pvt Ltd,"Plot 220, MIDC, Surat, GJ",Surat,GJ,2018-08-26,2500000,1363406,Active
U88419072014PTC919357,Sagar Agro Enterprises Pvt Ltd,"Plot 97, Industrial Area, Delhi, DL",Delhi,DL,2014-12-24,100000,70459,Active
U23970242016PTC162298,Silver Constructions Trading Co Pvt Ltd,"Plot 130, Sector, Ahmedabad, GJ",Ahmedabad,GJ,2016-09-14,5000000,2779754,Active
U58524082010PTC586253,Sagar Pharma Enterprises Pvt Ltd,"Plot 158, Colony, Jaipur, RJ",Jaipur,RJ,2010-06-25,10000000,5786908,Active
U90481272022PTC730918,Vardhman Foods Pvt Ltd,"Plot 83, Estate, Pune, MH",Pune,MH,2022-11-01,100000,87627,Active
U14948072024PTC759688,Saraswati Plastics Enterprises Pvt Ltd,"Plot 365, Colony, Delhi, DL",Delhi,DL,2024-01-25,500000,374101,Active
U77608092021PTC732378,Global Electronics Private Limited,"Plot 346, Industrial Area, Lucknow, UP",Lucknow,UP,2021-06-08,10000000,3002010,Active
U21818272007PTC576290,Metro Foods Ventures Pvt Ltd,"Plot 287, Colony, Mumbai, MH",Mumbai,MH,2007-06-12,1000000,458406,Strike Off
U23954242021PTC585767,Om Plastics Enterprises Pvt Ltd,"Plot 175, Industrial Area, Ahmedabad, GJ",Ahmedabad,GJ,2021-09-09,5000000,4346015,Active
U99337272019PTC483101,Everest Electronics Ventures Pvt Ltd,"Plot 15, Estate, Pune, MH",Pune,MH,2019-02-09,100000,56787,Active
U11274242022PTC734862,Continental Infrastructure Private Limited,"Plot 148, Industrial Area, Surat, GJ",Surat,GJ,2022-07-22,10000000,8747522,Active
U36170192020PTC246270,Aditya Logistics Ventures Pvt Ltd,"Plot 136, MIDC, Kolkata, WB",Kolkata,WB,2020-04-07,500000,442717,Active
U74330092013PTC191756,Shakti Plastics Enterprises Pvt Ltd,"Plot 204, MIDC, Lucknow, UP",Lucknow,UP,2013-10-05,100000,66801,Active
U51373242019PTC722690,Shree Textiles Exports Pvt Ltd,"Plot 108, Estate, Surat, GJ",Surat,GJ,2019-10-04,1000000,553121,Active
U57962092015PTC192848,Vishwa Agro Private Limited,"Plot 215, Road, Lucknow, UP",Lucknow,UP,2015-06-12,2500000,1239351,Active
U11276292020PTC185187,Silver Pharma Private Limited,"Plot 323, Colony, Bengaluru, KA",Bengaluru,KA,2020-09-24,1000000,849733,Active
U53864072019PTC272388,Elite Traders Trading Co Pvt Ltd,"Plot 286, Sector, Delhi, DL",Delhi,DL,2019-06-01,2500000,962165,Active
U52610332016PTC705894,Ganga Pharma Ventures Pvt Ltd,"Plot 378, Estate, Chennai, TN",Chennai,TN,2016-02-13,5000000,2502832,Active
U19351092017PTC082955,National Traders Private Limited,"Plot 161, Sector, Lucknow, UP",Lucknow,UP,2017-11-10,10000000,4872306,Active
U31930082018PTC192819,Pioneer Textiles Private Limited,"Plot 373, MIDC, Jaipur, RJ",Jaipur,RJ,2018-11-09,10000000,7904878,Active
U17055082022PTC027646,Shakti Agro Trading Co Pvt Ltd,"Plot 392, Industrial Area, Jaipur, RJ",Jaipur,RJ,2022-02-09,5000000,2043460,Active
U71235272020PTC913204,Sagar Infrastructure Trading Co Pvt Ltd,"Plot 228, MIDC, Pune, MH",Pune,MH,2020-12-18,500000,356790,Active
U39770082022PTC843798,Om Pharma Enterprises Pvt Ltd,"Plot 188, Estate, Jaipur, RJ",Jaipur,RJ,2022-05-05,1000000,307389,Active
U49270082020PTC009577,Shakti Agro Ventures Pvt Ltd,"Plot 150, Colony, Jaipur, RJ",Jaipur,RJ,2020-04-26,100000,68374,Active
U65343332007PTC655699,Global Plastics Ventures Pvt Ltd,"Plot 314, Road, Chennai, TN",Chennai,TN,2007-11-09,1000000,753919,Active
U52027082011PTC020338,Shree Chemicals Pvt Ltd,"Plot 145, Sector, Jaipur, RJ",Jaipur,RJ,2011-03-23,2500000,2022437,Active
U70776082016PTC730790,Vishal Textiles Enterprises Pvt Ltd,"Plot 42, MIDC, Jaipur, RJ",Jaipur,RJ,2016-01-09,2500000,874923,Active
U97294072021PTC218573,Vishwa Agro Exports Pvt Ltd,"Plot 160, Sector, Delhi, DL",Delhi,DL,2021-03-21,10000000,3295301,Dormant
U97385272006PTC228368,Jai Logistics Exports Pvt Ltd,"Plot 223, Sector, Pune, MH",Pune,MH,2006-01-06,1000000,709287,Active
U58679092009PTC808240,Om Logistics Private Limited,"Plot 256, Industrial Area, Lucknow, UP",Lucknow,UP,2009-11-20,1000000,951594,Strike Off
U67503242016PTC768805,Universal Textiles Exports Pvt Ltd,"Plot 194, Sector, Surat, GJ",Surat,GJ,2016-12-05,1000000,929064,Active
U81253092010PTC364553,Royal Foods Industries Pvt Ltd,"Plot 141, Colony, Lucknow, UP",Lucknow,UP,2010-09-06,100000,67179,Active
U57720272024PTC813713,Laxmi Logistics Enterprises Pvt Ltd,"Plot 370, Industrial Area, Mumbai, MH",Mumbai,MH,2024-11-18,2500000,1082271,Active
U22943082011PTC033363,Krishna Constructions Ventures Pvt Ltd,"Plot 199, Road, Jaipur, RJ",Jaipur,RJ,2011-08-17,5000000,3954599,Active
U20480192020PTC490796,Vishal Constructions Pvt Ltd,"Plot 185, Colony, Kolkata, WB",Kolkata,WB,2020-12-14,1000000,855974,Active
U34832242017PTC202501,Ganga Constructions Private Limited,"Plot 292, Road, Surat, GJ",Surat,GJ,2017-03-18,10000000,6906991,Active
U56179092019PTC946325,Royal Plastics Enterprises Pvt Ltd,"Plot 191, Estate, Lucknow, UP",Lucknow,UP,2019-11-14,10000000,5264156,Active
U68654272019PTC416380,Shree Foods Pvt Ltd,"Plot 146, Colony, Pune, MH",Pune,MH,2019-01-17,500000,497694,Active
U77013332022PTC583348,Krishna Electronics Private Limited,"Plot 49, Industrial Area, Chennai, TN",Chennai,TN,2022-08-12,500000,198442,Active
U84588092017PTC962469,Universal Foods Pvt Ltd,"Plot 371, Sector, Lucknow, UP",Lucknow,UP,2017-08-06,2500000,2194984,Active
U20286092017PTC818018,Shri Traders Enterprises Pvt Ltd,"Plot 223, Estate, Lucknow, UP",Lucknow,UP,2017-02-28,500000,411687,Active
U52838092009PTC526807,Balaji Logistics Private Limited,"Plot 26, Road, Lucknow, UP",Lucknow,UP,2009-12-13,2500000,2067470,Active
U20819292015PTC498970,Krishna Foods Pvt Ltd,"Plot 281, Estate, Bengaluru, KA",Bengaluru,KA,2015-05-03,2500000,1628190,Active
U35703242023PTC588427,Laxmi Foods Trading Co Pvt Ltd,"Plot 127, MIDC, Ahmedabad, GJ",Ahmedabad,GJ,2023-02-09,2500000,1315970,Dormant
U87840272016PTC687248,Shree Infrastructure Private Limited,"Plot 180, Colony, Pune, MH",Pune,MH,2016-08-20,500000,304162,Dormant
U17148072008PTC254855,Laxmi Chemicals Ventures Pvt Ltd,"Plot 148, Industrial Area, Delhi, DL",Delhi,DL,2008-06-23,100000,51358,Active
U73311332022PTC653307,Aditya Chemicals Exports Pvt Ltd,"Plot 358, Road, Chennai, TN",Chennai,TN,2022-01-13,5000000,4671141,Active
U16957092013PTC487547,Saraswati Textiles Pvt Ltd,"Plot 199, Road, Lucknow, UP",Lucknow,UP,2013-05-22,10000000,5521533,Active
U51347242008PTC508206,Pioneer Electronics Trading Co Pvt Ltd,"Plot 46, MIDC, Surat, GJ",Surat,GJ,2008-04-17,2500000,1731203,Active
U55453292005PTC717553,Elite Traders Exports Pvt Ltd,"Plot 155, MIDC, Bengaluru, KA",Bengaluru,KA,2005-09-09,100000,73805,Active
U60096292007PTC546013,Saraswati Constructions Private Limited,"Plot 214, MIDC, Bengaluru, KA",Bengaluru,KA,2007-10-05,2500000,2448440,Dormant
U99659092022PTC838971,Universal Chemicals Enterprises Pvt Ltd,"Plot 353, Road, Lucknow, UP",Lucknow,UP,2022-09-05,2500000,2492450,Strike Off
U51771292005PTC922886,Silver Agro Enterprises Pvt Ltd,"Plot 227, Road, Bengaluru, KA",Bengaluru,KA,2005-11-24,1000000,406369,Active
U40432192024PTC242130,Vardhman Textiles Enterprises Pvt Ltd,"Plot 41, Road, Kolkata, WB",Kolkata,WB,2024-08-05,5000000,4461483,Active
U39658292011PTC033796,Silver Textiles Enterprises Pvt Ltd,"Plot 212, MIDC, Bengaluru, KA",Bengaluru,KA,2011-12-22,500000,415221,Active
U89682242006PTC771052,Continental Agro Exports Pvt Ltd,"Plot 161, Estate, Ahmedabad, GJ",Ahmedabad,GJ,2006-10-24,5000000,3578320,Active
U80499192021PTC414829,Aditya Textiles Trading Co Pvt Ltd,"Plot 199, Colony, Kolkata, WB",Kolkata,WB,2021-11-02,500000,251912,Active
U77760092006PTC947573,Bharat Pharma Ventures Pvt Ltd,"Plot 331, Estate, Lucknow, UP",Lucknow,UP,2006-02-24,5000000,1896100,Active
U26193272010PTC095621,Jai Foods Industries Pvt Ltd,"Plot 325, Sector, Pune, MH",Pune,MH,2010-02-17,10000000,5688611,Active
U84120292015PTC913630,Vardhman Chemicals Private Limited,"Plot 75, MIDC, Bengaluru, KA",Bengaluru,KA,2015-12-02,2500000,1289108,Active
U70115332005PTC521801,Pioneer Pharma Trading Co Pvt Ltd,"Plot 3, Colony, Chennai, TN",Chennai,TN,2005-08-08,500000,356101,Active
U92396332024PTC584633,Continental Logistics Pvt Ltd,"Plot 95, MIDC, Chennai, TN",Chennai,TN,2024-01-21,1000000,325704,Active
U64651272008PTC186907,National Constructions Enterprises Pvt Ltd,"Plot 313, Road, Mumbai, MH",Mumbai,MH,2008-12-23,5000000,3502989,Active
U18869272017PTC795285,Silver Plastics Pvt Ltd,"Plot 150, Estate, Pune, MH",Pune,MH,2017-03-04,10000000,9015855,Active
U65974092014PTC638420,Pioneer Traders Enterprises Pvt Ltd,"Plot 270, Colony, Lucknow, UP",Lucknow,UP,2014-10-12,500000,365001,Active
U25493192005PTC025152,Golden Constructions Ventures Pvt Ltd,"Plot 61, Road, Kolkata, WB",Kolkata,WB,2005-04-26,5000000,4996454,Active
U18891332013PTC322723,Metro Plastics Trading Co Pvt Ltd,"Plot 166, Industrial Area, Chennai, TN",Chennai,TN,2013-02-22,1000000,538953,Active
U72193272020PTC835982,Shri Constructions Private Limited,"Plot 247, MIDC, Pune, MH",Pune,MH,2020-11-15,5000000,4635750,Active
U99848192023PTC347833,Vishal Traders Pvt Ltd,"Plot 77, Sector, Kolkata, WB",Kolkata,WB,2023-01-11,2500000,1846393,Active
U58704082012PTC473859,Ganga Infrastructure Private Limited,"Plot 58, Sector, Jaipur, RJ",Jaipur,RJ,2012-01-25,500000,469673,Active
U50679082021PTC813206,Royal Chemicals Ventures Pvt Ltd,"Plot 51, Colony, Jaipur, RJ",Jaipur,RJ,2021-11-05,500000,403599,Active
U71194072015PTC932379,Shri Steel Trading Co Pvt Ltd,"Plot 393, Road, Delhi, DL",Delhi,DL,2015-12-10,100000,70429,Active
U45737082008PTC156575,National Infrastructure Pvt Ltd,"Plot 8, Colony, Jaipur, RJ",Jaipur,RJ,2008-09-17,100000,44460,Active
U90381072014PTC935585,Royal Plastics Industries Pvt Ltd,"Plot 26, MIDC, Delhi, DL",Delhi,DL,2014-01-16,10000000,3353192,Active
U90781092019PTC372900,Metro Traders Ventures Pvt Ltd,"Plot 102, Road, Lucknow, UP",Lucknow,UP,2019-11-26,5000000,1774909,Dormant
U40368082020PTC993472,Global Chemicals Ventures Pvt Ltd,"Plot 316, Sector, Jaipur, RJ",Jaipur,RJ,2020-06-13,500000,394865,Active
U23491292021PTC425393,Continental Foods Ventures Pvt Ltd,"Plot 55, Sector, Bengaluru, KA",Bengaluru,KA,2021-09-21,100000,85470,Active
U60307292020PTC069269,Royal Logistics Ventures Pvt Ltd,"Plot 356, Colony, Bengaluru, KA",Bengaluru,KA,2020-07-26,2500000,1742619,Active
U24984092020PTC620929,Laxmi Pharma Enterprises Pvt Ltd,"Plot 285, Industrial Area, Lucknow, UP",Lucknow,UP,2020-08-06,1000000,969118,Active
U38522272007PTC856722,Bharat Constructions Private Limited,"Plot 232, Colony, Mumbai, MH",Mumbai,MH,2007-05-13,5000000,3522759,Active
U55123332018PTC093625,Ganga Agro Ventures Pvt Ltd,"Plot 66, Sector, Chennai, TN",Chennai,TN,2018-01-12,5000000,4887648,Active
U66585272012PTC736334,Krishna Agro Exports Pvt Ltd,"Plot 163, Road, Mumbai, MH",Mumbai,MH,2012-07-13,2500000,1511582,Active
U30220272018PTC302484,Pioneer Constructions Private Limited,"Plot 69, Industrial Area, Pune, MH",Pune,MH,2018-02-21,100000,40079,Active
U89223242019PTC975502,Silver Electronics Private Limited,"Plot 233, Colony, Ahmedabad, GJ",Ahmedabad,GJ,2019-07-18,2500000,1423250,Active
U45291192021PTC430795,Orion Plastics Trading Co Pvt Ltd,"Plot 188, Industrial Area, Kolkata, WB",Kolkata,WB,2021-01-19,2500000,1983544,Active
U77757332019PTC082035,Ganga Electronics Pvt Ltd,"Plot 126, Estate, Chennai, TN",Chennai,TN,2019-11-24,10000000,9722877,Active
U53452082023PTC441468,Elite Infrastructure Enterprises Pvt Ltd,"Plot 86, Industrial Area, Jaipur, RJ",Jaipur,RJ,2023-12-20,10000000,5128495,Active
U20074292021PTC892806,Vishal Infrastructure Enterprises Pvt Ltd,"Plot 68, Colony, Bengaluru, KA",Bengaluru,KA,2021-05-09,1000000,309942,Active
U40958292013PTC508474,National Plastics Ventures Pvt Ltd,"Plot 17, Sector, Bengaluru, KA",Bengaluru,KA,2013-02-05,5000000,4768796,Active
U85727292011PTC770034,Continental Traders Pvt Ltd,"Plot 329, Sector, Bengaluru, KA",Bengaluru,KA,2011-02-02,500000,312405,Active
U44422242020PTC152201,Ganga Agro Pvt Ltd,"Plot 148, Estate, Ahmedabad, GJ",Ahmedabad,GJ,2020-07-22,1000000,973233,Active
U45432332015PTC280062,Vishal Steel Enterprises Pvt Ltd,"Plot 336, Colony, Chennai, TN",Chennai,TN,2015-07-15,10000000,8243636,Active
U81776292015PTC011092,Vardhman Textiles Ventures Pvt Ltd,"Plot 35, Industrial Area, Bengaluru, KA",Bengaluru,KA,2015-07-04,5000000,1863675,Active
U89257072007PTC136218,Sunrise Constructions Ventures Pvt Ltd,"Plot 332, Colony, Delhi, DL",Delhi,DL,2007-03-04,10000000,4289840,Active
U43729242015PTC169834,Shakti Steel Enterprises Pvt Ltd,"Plot 398, Industrial Area, Ahmedabad, GJ",Ahmedabad,GJ,2015-07-13,1000000,997170,Active
U28857082008PTC566894,Shakti Agro Private Limited,"Plot 315, Road, Jaipur, RJ",Jaipur,RJ,2008-02-15,10000000,4812973,Active
U14959292005PTC696890,Sunrise Infrastructure Private Limited,"Plot 359, Sector, Bengaluru, KA",Bengaluru,KA,2005-07-19,100000,66076,Dormant
U39602072022PTC003469,Sunrise Foods Ventures Pvt Ltd,"Plot 400, Estate, Delhi, DL",Delhi,DL,2022-02-19,5000000,4772647,Active
U80074072016PTC894795,Royal Steel Ventures Pvt Ltd,"Plot 236, Sector, Delhi, DL",Delhi,DL,2016-11-07,500000,344066,Strike Off
U87718192005PTC250070,Vishwa Agro Pvt Ltd,"Plot 277, Road, Kolkata, WB",Kolkata,WB,2005-05-16,5000000,4877338,Active
U37745242008PTC846310,Saraswati Constructions Trading Co Pvt Ltd,"Plot 235, Road, Ahmedabad, GJ",Ahmedabad,GJ,2008-09-05,10000000,7055419,Dormant
U22752272014PTC478345,Krishna Steel Ventures Pvt Ltd,"Plot 55, Industrial Area, Mumbai, MH",Mumbai,MH,2014-08-20,5000000,2272003,Active
U28000092022PTC337212,Continental Logistics Ventures Pvt Ltd,"Plot 24, Colony, Lucknow, UP",Lucknow,UP,2022-03-11,100000,38452,Active
U27481092006PTC104824,Vishal Constructions Trading Co Pvt Ltd,"Plot 193, MIDC, Lucknow, UP",Lucknow,UP,2006-01-16,100000,30444,Active
U37021082009PTC150039,Golden Agro Private Limited,"Plot 90, Colony, Jaipur, RJ",Jaipur,RJ,2009-12-02,5000000,2130001,Active
U22541072021PTC648986,Global Pharma Ventures Pvt Ltd,"Plot 321, Road, Delhi, DL",Delhi,DL,2021-04-09,100000,43560,Active
U90847332015PTC844265,Everest Pharma Pvt Ltd,"Plot 54, Road, Chennai, TN",Chennai,TN,2015-01-18,500000,205315,Active
U64927092015PTC208406,Aditya Constructions Enterprises Pvt Ltd,"Plot 118, Industrial Area, Lucknow, UP",Lucknow,UP,2015-06-08,100000,46598,Active
U28997272018PTC226666,Orion Electronics Industries Pvt Ltd,"Plot 92, Estate, Mumbai, MH",Mumbai,MH,2018-06-05,2500000,2009687,Active
U70106072019PTC438540,National Constructions Trading Co Pvt Ltd,"Plot 88, Colony, Delhi, DL",Delhi,DL,2019-09-28,500000,180266,Active
U66113332005PTC771940,Pioneer Logistics Private Limited,"Plot 168, Estate, Chennai, TN",Chennai,TN,2005-10-08,5000000,4811883,Dormant
U22844242020PTC474420,Vishwa Logistics Pvt Ltd,"Plot 286, Industrial Area, Ahmedabad, GJ",Ahmedabad,GJ,2020-12-24,2500000,2412384,Active
U70199332010PTC899597,Krishna Foods Trading Co Pvt Ltd,"Plot 13, Estate, Chennai, TN",Chennai,TN,2010-08-25,500000,455969,Active
U79588242015PTC034304,Metro Agro Ventures Pvt Ltd,"Plot 139, Road, Ahmedabad, GJ",Ahmedabad,GJ,2015-10-18,5000000,4280675,Active
U24544272006PTC401558,Balaji Steel Trading Co Pvt Ltd,"Plot 364, MIDC, Pune, MH",Pune,MH,2006-03-11,500000,338871,Active
U46325242018PTC057106,Om Traders Enterprises Pvt Ltd,"Plot 232, Estate, Surat, GJ",Surat,GJ,2018-09-17,100000,62911,Active
U20508082007PTC409661,Everest Chemicals Enterprises Pvt Ltd,"Plot 40, Industrial Area, Jaipur, RJ",Jaipur,RJ,2007-03-09,100000,78795,Active
U78107272012PTC675988,Royal Agro Trading Co Pvt Ltd,"Plot 176, Road, Mumbai, MH",Mumbai,MH,2012-11-26,1000000,640303,Active
U32509292014PTC827608,Prime Logistics Industries Pvt Ltd,"Plot 191, Sector, Bengaluru, KA",Bengaluru,KA,2014-01-05,1000000,499067,Strike Off
U31135292009PTC249462,Jai Textiles Enterprises Pvt Ltd,"Plot 295, MIDC, Bengaluru, KA",Bengaluru,KA,2009-08-09,1000000,429147,Active
U79945242010PTC316209,Jai Textiles Industries Pvt Ltd,"Plot 256, MIDC, Surat, GJ",Surat,GJ,2010-08-11,500000,151503,Active
U98867272009PTC577724,Jai Infrastructure Pvt Ltd,"Plot 206, Colony, Mumbai, MH",Mumbai,MH,2009-04-15,1000000,364736,Active
U12955332011PTC087650,Sagar Pharma Exports Pvt Ltd,"Plot 344, Industrial Area, Chennai, TN",Chennai,TN,2011-09-13,500000,321662,Active
U68402272014PTC916772,Sagar Steel Private Limited,"Plot 373, Estate, Pune, MH",Pune,MH,2014-12-14,2500000,1255109,Active
U53963082021PTC069328,Orion Electronics Ventures Pvt Ltd,"Plot 193, Industrial Area, Jaipur, RJ",Jaipur,RJ,2021-01-14,10000000,9400873,Active
U82596242014PTC514417,Shri Infrastructure Ventures Pvt Ltd,"Plot 300, Sector, Ahmedabad, GJ",Ahmedabad,GJ,2014-08-18,10000000,6244162,Active
U95696082008PTC698261,National Pharma Exports Pvt Ltd,"Plot 331, MIDC, Jaipur, RJ",Jaipur,RJ,2008-01-04,1000000,645135,Strike Off
U25674332020PTC391331,Ganga Foods Trading Co Pvt Ltd,"Plot 9, Sector, Chennai, TN",Chennai,TN,2020-03-19,100000,40229,Active
U16385242016PTC303937,Metro Plastics Exports Pvt Ltd,"Plot 40, Colony, Ahmedabad, GJ",Ahmedabad,GJ,2016-04-25,10000000,4282732,Active
U80047272008PTC608223,Elite Chemicals Pvt Ltd,"Plot 71, Colony, Pune, MH",Pune,MH,2008-05-12,2500000,1470990,Dormant
U90403192022PTC723154,Continental Plastics Ventures Pvt Ltd,"Plot 273, Road, Kolkata, WB",Kolkata,WB,2022-09-23,100000,59214,Dormant
U67925272009PTC932946,Laxmi Plastics Ventures Pvt Ltd,"Plot 176, MIDC, Pune, MH",Pune,MH,2009-12-10,100000,82112,Active
U96479072006PTC538422,Krishna Textiles Industries Pvt Ltd,"Plot 61, Sector, Delhi, DL",Delhi,DL,2006-01-03,1000000,767310,Active
U46356072009PTC994881,Krishna Traders Enterprises Pvt Ltd,"Plot 83, Colony, Delhi, DL",Delhi,DL,2009-12-20,500000,326718,Active
U22934242005PTC969128,Balaji Pharma Enterprises Pvt Ltd,"Plot 358, Colony, Surat, GJ",Surat,GJ,2005-03-15,10000000,9704234,Active
U51193242008PTC129621,Golden Steel Trading Co Pvt Ltd,"Plot 70, Estate, Ahmedabad, GJ",Ahmedabad,GJ,2008-06-23,1000000,689992,Active
U39605332019PTC580823,Silver Infrastructure Ventures Pvt Ltd,"Plot 220, MIDC, Chennai, TN",Chennai,TN,2019-02-27,2500000,2393393,Active
U28791072008PTC413990,Sunrise Foods Trading Co Pvt Ltd,"Plot 53, Road, Delhi, DL",Delhi,DL,2008-03-03,1000000,982645,Active
U86273082013PTC622488,Prime Constructions Industries Pvt Ltd,"Plot 183, Estate, Jaipur, RJ",Jaipur,RJ,2013-11-20,2500000,2478165,Active
U92361082012PTC988182,Bharat Textiles Pvt Ltd,"Plot 378, Industrial Area, Jaipur, RJ",Jaipur,RJ,2012-02-16,10000000,3187242,Active
U96649072007PTC788120,Golden Logistics Enterprises Pvt Ltd,"Plot 339, Estate, Delhi, DL",Delhi,DL,2007-08-17,1000000,679706,Active
U68997072017PTC329840,Pioneer Agro Industries Pvt Ltd,"Plot 236, Industrial Area, Delhi, DL",Delhi,DL,2017-01-06,5000000,3807938,Active
U98476072023PTC514383,Vardhman Plastics Exports Pvt Ltd,"Plot 277, Colony, Delhi, DL",Delhi,DL,2023-08-16,5000000,4490230,Active
U52006272014PTC064408,Shree Electronics Pvt Ltd,"Plot 66, Sector, Pune, MH",Pune,MH,2014-06-26,10000000,7087768,Active
U56041272018PTC059192,Vardhman Logistics Private Limited,"Plot 121, Road, Pune, MH",Pune,MH,2018-05-19,100000,93727,Active
U96214272019PTC905308,Everest Agro Enterprises Pvt Ltd,"Plot 11, Road, Mumbai, MH",Mumbai,MH,2019-08-19,100000,99003,Active
U75107192015PTC527192,Vishal Constructions Enterprises Pvt Ltd,"Plot 86, Colony, Kolkata, WB",Kolkata,WB,2015-05-12,2500000,1103077,Active
U39607092017PTC654912,Aditya Steel Exports Pvt Ltd,"Plot 297, Industrial Area, Lucknow, UP",Lucknow,UP,2017-10-11,1000000,347088,Active
U62730192018PTC263471,Laxmi Plastics Industries Pvt Ltd,"Plot 344, Colony, Kolkata, WB",Kolkata,WB,2018-03-01,10000000,7923321,Active
U66849242024PTC980037,Krishna Foods Exports Pvt Ltd,"Plot 31, Colony, Surat, GJ",Surat,GJ,2024-04-12,2500000,1008551,Active
U64059072011PTC279902,Continental Infrastructure Exports Pvt Ltd,"Plot 83, Sector, Delhi, DL",Delhi,DL,2011-11-20,500000,292053,Active
U94793242018PTC949649,Shri Logistics Private Limited,"Plot 140, MIDC, Ahmedabad, GJ",Ahmedabad,GJ,2018-01-09,1000000,761069,Active
U57636072018PTC704300,Vardhman Steel Industries Pvt Ltd,"Plot 371, MIDC, Delhi, DL",Delhi,DL,2018-04-04,5000000,4070681,Dormant
U88619072012PTC128217,Shakti Traders Enterprises Pvt Ltd,"Plot 300, Road, Delhi, DL",Delhi,DL,2012-07-26,10000000,8207712,Dormant
U43332082018PTC904817,Sagar Traders Exports Pvt Ltd,"Plot 58, Sector, Jaipur, RJ",Jaipur,RJ,2018-09-14,2500000,1944792,Strike Off
U96798092006PTC837751,Shri Foods Ventures Pvt Ltd,"Plot 344, MIDC, Lucknow, UP",Lucknow,UP,2006-05-18,2500000,1291219,Strike Off
U11031082017PTC953984,Sunrise Infrastructure Enterprises Pvt Ltd,"Plot 47, MIDC, Jaipur, RJ",Jaipur,RJ,2017-05-07,500000,470561,Active
U44205072010PTC530931,Om Traders Industries Pvt Ltd,"Plot 309, Road, Delhi, DL",Delhi,DL,2010-09-24,1000000,617283,Active
U62515292005PTC209795,Saraswati Infrastructure Enterprises Pvt Ltd,"Plot 295, Industrial Area, Bengaluru, KA",Bengaluru,KA,2005-02-06,500000,330728,Strike Off
U32738292013PTC720862,Krishna Traders Ventures Pvt Ltd,"Plot 145, MIDC, Bengaluru, KA",Bengaluru,KA,2013-02-14,1000000,427322,Active
U70610192007PTC207898,Prime Foods Ventures Pvt Ltd,"Plot 87, Industrial Area, Kolkata, WB",Kolkata,WB,2007-07-20,2500000,1800687,Active
U25533082020PTC235389,Pioneer Infrastructure Enterprises Pvt Ltd,"Plot 383, Estate, Jaipur, RJ",Jaipur,RJ,2020-07-05,2500000,2248591,Active
U11352082007PTC491659,Bharat Traders Exports Pvt Ltd,"Plot 204, Road, Jaipur, RJ",Jaipur,RJ,2007-04-23,2500000,1989793,Active
U49650092017PTC413870,Everest Plastics Pvt Ltd,"Plot 298, MIDC, Lucknow, UP",Lucknow,UP,2017-05-06,5000000,3224939,Active
U25314292013PTC328487,Shri Chemicals Industries Pvt Ltd,"Plot 144, Road, Bengaluru, KA",Bengaluru,KA,2013-06-14,1000000,931954,Active
U82833082009PTC894471,Orion Constructions Exports Pvt Ltd,"Plot 226, Industrial Area, Jaipur, RJ",Jaipur,RJ,2009-04-05,100000,46090,Active
U67870082006PTC373839,Balaji Plastics Industries Pvt Ltd,"Plot 235, Estate, Jaipur, RJ",Jaipur,RJ,2006-02-28,10000000,9068155,Active
U84814272021PTC189341,Silver Steel Private Limited,"Plot 394, Estate, Mumbai, MH",Mumbai,MH,2021-11-04,1000000,318173,Active
U30155072015PTC030278,Om Pharma Ventures Pvt Ltd,"Plot 363, Road, Delhi, DL",Delhi,DL,2015-08-15,10000000,9686410,Active
U37704092009PTC905214,Shri Constructions Enterprises Pvt Ltd,"Plot 166, Industrial Area, Lucknow, UP",Lucknow,UP,2009-12-03,5000000,4831650,Active
U37292072005PTC170856,Sunrise Agro Enterprises Pvt Ltd,"Plot 332, Road, Delhi, DL",Delhi,DL,2005-03-04,1000000,643591,Active
U68385192020PTC928423,Sunrise Pharma Enterprises Pvt Ltd,"Plot 289, Colony, Kolkata, WB",Kolkata,WB,2020-07-03,2500000,2169240,Active
U94883082012PTC719572,Balaji Chemicals Industries Pvt Ltd,"Plot 270, Road, Jaipur, RJ",Jaipur,RJ,2012-11-17,100000,50349,Active
U84519242014PTC050047,Sagar Steel Pvt Ltd,"Plot 263, Industrial Area, Ahmedabad, GJ",Ahmedabad,GJ,2014-09-14,2500000,915347,Active
U24933242005PTC776488,Vardhman Pharma Private Limited,"Plot 94, Estate, Surat, GJ",Surat,GJ,2005-01-03,2500000,2284321,Active
U37665272010PTC194079,Om Foods Trading Co Pvt Ltd,"Plot 133, Road, Pune, MH",Pune,MH,2010-02-14,5000000,1562703,Active
U49688092020PTC648544,Continental Electronics Enterprises Pvt Ltd,"Plot 354, Road, Lucknow, UP",Lucknow,UP,2020-12-22,2500000,2158121,Active
U92058192018PTC899877,Golden Chemicals Industries Pvt Ltd,"Plot 217, Industrial Area, Kolkata, WB",Kolkata,WB,2018-02-06,500000,408573,Active
U61345332023PTC053396,Royal Textiles Pvt Ltd,"Plot 323, Road, Chennai, TN",Chennai,TN,2023-07-14,2500000,2039887,Active
U90149242023PTC980714,Balaji Textiles Trading Co Pvt Ltd,"Plot 10, Estate, Surat, GJ",Surat,GJ,2023-10-11,5000000,1722286,Active
U67177272019PTC021818,National Infrastructure Exports Pvt Ltd,"Plot 99, Estate, Pune, MH",Pune,MH,2019-06-15,500000,327672,Active
U98225242018PTC684197,Vishwa Chemicals Trading Co Pvt Ltd,"Plot 107, Sector, Ahmedabad, GJ",Ahmedabad,GJ,2018-12-24,100000,76693,Active
U40765082014PTC219607,Continental Plastics Pvt Ltd,"Plot 33, Sector, Jaipur, RJ",Jaipur,RJ,2014-07-04,5000000,2293415,Active
U24539082019PTC111036,Vishal Electronics Trading Co Pvt Ltd,"Plot 53, Colony, Jaipur, RJ",Jaipur,RJ,2019-01-17,100000,41693,Active
U75325082021PTC768137,Pioneer Steel Private Limited,"Plot 332, Sector, Jaipur, RJ",Jaipur,RJ,2021-06-27,500000,193044,Active
U58815072013PTC749942,Shakti Agro Enterprises Pvt Ltd,"Plot 323, Road, Delhi, DL",Delhi,DL,2013-04-05,5000000,2976027,Active
U29082272019PTC807563,Shree Foods Ventures Pvt Ltd,"Plot 265, Industrial Area, Mumbai, MH",Mumbai,MH,2019-02-11,1000000,581155,Active
U17577292023PTC662289,Balaji Constructions Trading Co Pvt Ltd,"Plot 152, Estate, Bengaluru, KA",Bengaluru,KA,2023-07-22,10000000,6875272,Active
U94394242019PTC215099,Everest Plastics Trading Co Pvt Ltd,"Plot 317, Road, Ahmedabad, GJ",Ahmedabad,GJ,2019-08-23,1000000,921372,Active
U38014272014PTC097329,Ganga Plastics Enterprises Pvt Ltd,"Plot 88, Nariman Point Business Centre, Mumbai, MH",Mumbai,MH,2014-09-11,2000000,992032,Active
U41632272014PTC872656,Shakti Infrastructure Exports Pvt Ltd,"Plot 88, Nariman Point Business Centre, Mumbai, MH",Mumbai,MH,2014-07-17,500000,419595,Active
U56461272018PTC129828,Shri Constructions Pvt Ltd,"Plot 88, Nariman Point Business Centre, Mumbai, MH",Mumbai,MH,2018-08-10,2000000,1684230,Active
U86230272022PTC593072,Balaji Constructions Exports Pvt Ltd,"Plot 88, Nariman Point Business Centre, Mumbai, MH",Mumbai,MH,2022-09-28,2000000,1080605,Active
U85073272022PTC705098,Bharat Foods Industries Pvt Ltd,"Plot 88, Nariman Point Business Centre, Mumbai, MH",Mumbai,MH,2022-09-24,500000,231568,Active
U57352272022PTC476379,Jai Chemicals Exports Pvt Ltd,"Plot 88, Nariman Point Business Centre, Mumbai, MH",Mumbai,MH,2022-07-27,1000000,449168,Active
U72423272012PTC225218,Golden Steel Enterprises Pvt Ltd,"Plot 88, Nariman Point Business Centre, Mumbai, MH",Mumbai,MH,2012-11-17,1000000,752943,Active
U26662192021PTC508313,Balaji Pharma Private Limited,"Plot 74, Colony, Kolkata, WB",Kolkata,WB,2021-06-14,5000000,0,Active
U72043192021PTC034192,Aditya Chemicals Trading Co Pvt Ltd,"Plot 74, Colony, Kolkata, WB",Kolkata,WB,2021-06-08,1000000,0,Active
U84942192021PTC303658,Jai Traders Enterprises Pvt Ltd,"Plot 74, Colony, Kolkata, WB",Kolkata,WB,2021-06-08,2500000,0,Active
U87283192021PTC442245,Shri Infrastructure Enterprises Pvt Ltd,"Plot 74, Colony, Kolkata, WB",Kolkata,WB,2021-06-06,1000000,0,Active
U55698192021PTC070847,Pioneer Textiles Industries Pvt Ltd,"Plot 74, Colony, Kolkata, WB",Kolkata,WB,2021-06-10,5000000,0,Active
U59454192021PTC498313,Bharat Plastics Exports Pvt Ltd,"Plot 74, Colony, Kolkata, WB",Kolkata,WB,2021-06-10,2500000,0,Active
U21706192021PTC838664,Silver Agro Private Limited,"Plot 74, Colony, Kolkata, WB",Kolkata,WB,2021-06-09,2500000,0,Active
U68077192021PTC771661,Pioneer Chemicals Exports Pvt Ltd,"Plot 74, Colony, Kolkata, WB",Kolkata,WB,2021-06-03,5000000,0,Active
U83537192021PTC676499,Jai Constructions Trading Co Pvt Ltd,"Plot 74, Colony, Kolkata, WB",Kolkata,WB,2021-06-04,1000000,0,Active
U12486272022PTC288320,Vishal Logistics Private Limited,"Plot 62, Road, Pune, MH",Pune,MH,2022-02-23,5000000,0,Active
U51999272022PTC421316,Pioneer Textiles Enterprises Pvt Ltd,"Plot 273, MIDC, Pune, MH",Pune,MH,2022-02-14,1000000,0,Active
U60070272022PTC269671,Om Steel Pvt Ltd,"Plot 62, Road, Pune, MH",Pune,MH,2022-02-18,1000000,0,Active
U43496272022PTC805626,Om Chemicals Enterprises Pvt Ltd,"Plot 273, MIDC, Pune, MH",Pune,MH,2022-02-14,5000000,0,Active
U52636272022PTC190273,Metro Agro Pvt Ltd,"Plot 62, Road, Pune, MH",Pune,MH,2022-02-11,1000000,0,Active
U59219272022PTC987316,Continental Steel Pvt Ltd,"Plot 273, MIDC, Pune, MH",Pune,MH,2022-02-07,1000000,0,Active
U18579242020PTC507691,Shree Agro Exports Pvt Ltd,"Plot 284, Estate, Ahmedabad, GJ",Ahmedabad,GJ,2020-11-09,1000000,0,Active
U42285242020PTC800041,Sagar Constructions Ventures Pvt Ltd,"Plot 284, Estate, Ahmedabad, GJ",Ahmedabad,GJ,2020-11-09,2500000,0,Active
U36667242020PTC820911,National Logistics Trading Co Pvt Ltd,"Plot 284, Estate, Ahmedabad, GJ",Ahmedabad,GJ,2020-11-11,5000000,0,Active
U47912242020PTC684782,National Textiles Pvt Ltd,"Plot 284, Estate, Ahmedabad, GJ",Ahmedabad,GJ,2020-11-11,2500000,0,Active
U37886242020PTC613584,Continental Plastics Enterprises Pvt Ltd,"Plot 284, Estate, Ahmedabad, GJ",Ahmedabad,GJ,2020-11-08,1000000,0,Active
